BPUIC1;BPUIC2;DISTANCE_GEODESIC;DISTANCE_EXACT
8504123;8504134;2.3318;2.2885
8501577;8501578;2.7476;
8505000;8508219;4.0451;
8505007;8505111;5.6089;5.8582
8509055;8509054;1.7123;
8506307;8506306;2.7543;2.8546
8504073;8504074;1.9325;
8530260;8504391;1.0373;
8507071;8507070;2.8175;
8501066;8501056;0.7142;
8508174;8508182;0.9276;
8505303;8505302;3.2602;3.8008
8509193;8509192;3.6944;
8500207;8500206;0.8608;0.9644
8503126;8503127;2.6792;2.6801
8502216;8502215;3.8469;3.9158
8500025;8500026;1.9364;1.954
8502189;8502103;1.1248;
8506281;8506282;3.0811;
8509187;8509186;3.7771;
8508086;8508087;2.5363;
8502110;8502111;2.4493;2.7324
8508174;8508183;1.6498;
8506375;8506470;0.7433;
8501169;8587727;0.8863;
8504065;8504066;2.3174;
8506276;8506382;1.1849;
8508005;8508083;1.1484;
8509359;8509361;2.2867;
8516274;8516273;2.4348;2.66
8505165;8505119;3.2336;
8501155;8501156;1.4105;
8503056;8503057;1.1923;
8503463;8503424;2.3354;
8501112;8501111;2.1761;2.2154
8502034;8502033;2.3072;2.3114
8501107;8501108;4.3696;4.8174
8501400;8501304;5.4392;5.4712
8506209;8506210;4.789;5.1988
8503304;8506000;5.4564;5.6469
8508265;8508266;2.4004;
8503099;8503089;1.0913;
8509257;8509258;2.2766;
8507003;8507005;4.9489;5.0797
8500275;8500283;0.5467;
8509184;8509183;1.8663;
8509070;8509071;2.3074;
8501113;8501112;2.5805;2.5806
8503421;8518924;4.327;
8503340;8503006;2.4435;
8504060;8504061;1.7989;
8502002;8502001;3.0126;3.0136
8505597;8505599;1.3578;
8501375;8501374;0.9631;
8507388;8507389;4.3374;
8508151;8594258;0.5292;
8503506;8503511;2.591;2.6796
8503109;8503112;2.3348;2.4283
8506178;8506206;3.5378;
8506377;8506376;1.302;
8507293;8507294;3.1149;
8500172;8500173;1.8577;
8501562;8501561;2.067;
8501604;8501605;6.3086;6.5689
8503106;8503107;2.6416;2.8383
8503306;8503129;2.225;2.682
8503504;8503503;4.4298;4.9015
8501575;8501573;2.0349;
8505174;8505173;2.972;
8506023;8506024;5.3553;7.407
8501672;8501729;1.0301;
8503313;8503312;1.997;2.1446
8506184;8506185;2.1725;2.8023
8504223;8504224;1.9293;1.9495
8504072;8504071;1.1933;
8508163;8508164;0.5067;
8501472;8501473;2.4035;
8502025;8502026;3.3111;3.4322
8502111;8502112;2.3246;2.4562
8501035;8501033;5.0718;5.1827
8501006;8501000;0.8509;0.851
8506209;8506208;5.0261;5.6093
8508057;8508058;0.9596;
8505400;8505472;1.8632;
8504131;8504130;3.518;3.8107
8506143;8506126;0.7013;0.702
8509366;8509365;2.507;
8501048;8501047;1.0394;1.0391
8501191;8530262;0.4456;
8504415;8504414;2.6562;2.7913
8500010;8500020;4.6526;4.8387
8507472;8507471;2.9121;
8501122;8501123;1.5877;1.6066
8505395;8505390;1.4277;
8508181;8508182;1.8729;
8506294;8506201;4.1114;
8504464;8504463;1.2128;
8501300;8501380;0.1761;
8503502;8503503;3.3581;3.638
8504025;8504026;2.6352;2.7979
8530378;8530430;0.5021;
8503299;8503110;1.7013;
8501481;8501725;0.2499;
8502195;8502180;0.5249;
8517336;8505018;2.9814;3.922
8504182;8504181;1.6444;
8502180;8502194;1.4822;
8505497;8505496;1.4921;
8509069;8509068;0.9931;
8508261;8508260;2.3083;
8508005;8508004;3.0857;3.1516
8503118;8503116;3.0569;3.0954
8509170;8509169;3.5579;
8502221;8502229;2.6731;2.8754
8506197;8506196;2.7411;2.7844
8508297;8516354;2.9267;
8501601;8501602;4.2185;4.4173
8503293;8503286;0.7561;
8500170;8500162;0.6407;
8502164;8502163;2.9037;
8501023;8501030;8.321;8.4754
8500171;8500164;0.7004;
8502113;8502114;5.8653;5.869
8502032;8502031;1.6462;1.637
8505396;8505392;0.5378;
8501053;8501059;1.251;
8501281;8501282;0.38;
8503426;8503427;1.9417;2.0475
8506292;8506291;3.5404;
8509002;8509056;1.2513;
8500309;8500305;15.0414;20.5742
8502120;8502001;1.5695;
8502000;8500218;3.5208;3.7126
8500301;8500313;1.9113;1.9197
8503509;8503001;3.2635;3.3416
8501035;8501042;2.1082;2.1318
8504404;8504403;1.4171;1.5569
8502203;8515995;1.1494;1.1491
8508162;8508173;0.5224;
8504020;8504014;3.3112;3.7732
8506106;8506105;3.7878;3.7925
8504308;8504309;2.9714;2.9927
8503306;8503147;3.095;
8501456;8501457;1.2345;
8503294;8503288;0.9882;
8504464;8504465;1.4007;
8504126;8504125;2.876;2.9287
8507474;8507475;15.5777;
8501266;8501265;0.75;
8507065;8507064;1.0359;
8504483;8504484;3.3406;
8501262;8502476;0.6946;
8509255;8509352;0.9251;
8504206;8504205;4.128;4.1822
8506351;8506350;1.2388;
8530263;8504200;1.0891;
8506138;8506137;2.8165;2.9078
8501054;8501037;0.8881;
8505207;8505205;8.4761;12.9149
8509189;8509192;10.8214;
8501487;8530523;0.5709;
8502201;8502202;3.5357;3.8232
8503231;8503230;0.8845;0.908
8530334;8501563;0.488;
8501475;8501473;2.2928;
8501484;8501554;0.4046;
8506021;8506022;1.8433;1.8689
8505584;8505580;3.0973;
8518459;8502204;3.1072;
8509177;8509178;2.2338;
8506021;8506020;2.2239;2.456
8508329;8508304;2.3759;
8501001;8501002;1.7636;2.026
8506182;8506168;1.232;1.2638
8500122;8500121;3.3543;3.3883
8502273;8502248;0.2323;
8501100;8501151;0.7624;
8506184;8506183;2.9813;3.0274
8509412;8509411;2.3821;2.3804
8501420;8501421;2.8439;2.8554
8508062;8508061;1.0731;
8501054;8501090;0.4569;
8506372;8506371;1.3723;
8519685;8502123;0.6753;
8509188;8509187;1.6975;
8515993;8515992;0.598;0.598
8501059;8501030;0.9199;
8504003;8504010;1.6537;1.7719
8506302;8506392;2.9463;
8503307;8503308;3.3879;3.4585
8515995;8502230;1.173;1.229
8506385;8506384;0.7438;
8503210;8503209;1.728;1.73
8501399;8501398;2.404;
8509363;8509361;1.6603;
8503228;8503227;3.8841;3.9828
8501466;8501453;1.6874;
8509064;8509065;2.9954;
8500180;8500177;1.8839;
8503113;8503115;7.6495;8.0127
8508311;8508310;3.2453;
8507088;8507095;2.5965;
8518452;8501118;2.1513;2.156
8516351;8508321;0.9466;
8530225;8504388;1.0058;
8502209;8503202;2.3516;2.4237
8501008;8516283;1.3689;1.4006
8505304;8518475;2.8658;3.0881
8505214;8505415;3.1017;
8501199;8501480;0.4427;
8506211;8506210;3.3552;4.3584
8509367;8509368;1.5032;
8501008;8501007;3.9247;
8504231;8504221;3.0467;
8509353;8509352;4.709;
8502162;8516450;0.5389;
8503505;8503529;3.5002;3.6889
8506400;8506278;0.4171;
8506101;8506102;2.4316;2.4743
8508271;8508267;1.6645;
8501462;8501726;0.5286;
8501493;8588193;0.6023;
8503211;8503220;2.3002;2.3997
8506284;8506283;3.2388;
8506125;8588122;1.6531;1.6557
8504226;8504228;5.779;5.9274
8501057;8501062;1.7788;
8507472;8507473;6.2693;
8508210;8508211;7.1682;7.8764
8500118;8500119;2.7977;2.8504
8503425;8503426;1.5642;1.5976
8500027;8500028;3.7532;4.1066
8508314;8508323;0.6323;
8500285;8500283;2.0297;
8508292;8508293;1.8029;
8503230;8503228;2.8865;2.9665
8502208;8502209;2.2009;2.295
8506124;8506123;2.3997;2.4
8501484;8501485;0.5337;
8504129;8504140;2.0884;2.1015
8503121;8503139;0.8836;
8500033;8500032;1.5184;1.6107
8504072;8504073;1.2443;
8501284;8501283;0.2409;
8501460;8530378;0.455;
8508263;8508262;2.0147;
8506128;8506119;1.2745;1.3213
8506018;8506017;1.4728;1.5911
8508202;8508203;3.8073;3.8213
8504300;8504301;4.213;
8501393;8501392;1.0457;
8501155;8501154;1.1397;
8504465;8504466;1.8907;
8506183;8506168;1.4875;1.5105
8504306;8504307;3.2924;3.3517
8501426;8501425;3.2527;3.3852
8503211;8503209;3.5383;3.74
8507273;8507290;3.0066;
8508207;8508208;5.1046;5.6673
8501378;8501387;1.7317;
8530261;8501285;0.595;
8508395;8508359;0.4307;
8507270;8507271;1.7695;
8500116;8500115;1.6042;2.0607
8507274;8507275;2.7104;
8501566;8501568;1.0041;
8502104;8502119;3.3904;
8500289;8500288;1.3846;
8502230;8516187;1.721;1.721
8519370;8509373;0.9345;
8508305;8508306;4.0783;
8507000;8508051;2.2209;
8501172;8501173;3.0712;
8508060;8508059;3.6259;
8501280;8501264;0.3605;
8509075;8509073;3.2147;
8505202;8505204;8.3265;12.9934
8505399;8530790;0.4143;
8504040;8501200;1.6556;
8501668;8501669;1.6028;
8508266;8508267;2.29;
8503402;8503403;1.0275;1.3544
8509259;8509258;2.0517;
8500329;8503411;1.4087;1.4542
8502201;8515997;2.4316;2.445
8508070;8508054;2.0362;
8502227;8518459;0.753;0.7531
8503400;8503401;2.8849;3.1409
8501400;8501461;3.1765;
8504003;8504011;2.2871;2.5343
8502033;8502032;3.2137;3.335
8504304;8500100;3.7073;
8508157;8508158;0.9114;
8501376;8501385;1.2292;
8504023;8504024;4.7959;4.8443
8509413;8509414;3.7042;3.7448
8501379;8504070;0.9054;
8504467;8504466;2.7068;
8506101;8506100;4.0911;4.145
8509411;8509406;9.6563;
8503467;8503466;2.5255;
8501494;8501727;0.5216;
8503527;8503526;3.3283;3.3655
8530355;8501461;0.6759;
8504314;8504381;0.6043;
8501664;8501665;1.3853;
8501095;8501096;3.3179;
8506311;8506306;0.9232;0.9468
8501488;8501490;2.1498;
8505004;8503280;2.7453;
8500027;8500026;2.7096;2.9484
8501386;8501387;2.5076;
8500304;8500305;3.3526;3.564
8500179;8500178;2.4191;
8506016;8506017;2.2863;2.2808
8505226;8507381;1.2081;
8500196;8500199;3.1673;
8505006;8505005;3.0194;3.0853
8502123;8502103;2.2295;
8502000;8502001;4.4488;4.4574
8501087;8501097;0.9024;
8500113;8500114;2.6438;2.8319
8506000;8506044;1.6017;
8504401;8516444;1.1599;1.1562
8501105;8501104;5.8147;7.665
8501669;8501670;1.5368;
8503086;8503087;0.7563;
8509050;8509180;2.6805;
8506041;8506042;4.5147;4.7389
8501125;8501126;3.463;3.5746
8501099;8501089;1.0147;
8509051;8509053;5.0766;
8500121;8500120;2.1993;2.2391
8505589;8505580;1.6814;
8506025;8503429;3.6699;3.7586
8503528;8503525;1.1039;1.1249
8509359;8509358;2.1895;
8504133;8504134;3.8916;4.2111
8506047;8506048;4.4955;6.8225
8503315;8503316;1.2678;1.3297
8501397;8501398;3.9395;
8501378;8501379;3.1424;
8530789;8505393;2.2718;
8501394;8501198;0.9639;
8506297;8506200;4.7608;
8502113;8502191;0.9074;
8506135;8506136;3.2271;3.3205
8506011;8506012;3.4296;3.5032
8504483;8504468;0.844;
8503526;8503008;3.2575;3.3495
8509059;8509060;3.5015;
8500186;8500126;3.6533;
8504234;8504236;6.1781;
8507278;8507277;2.7597;
8507074;8507073;2.8556;
8507481;8507480;1.4379;
8503302;8503303;3.357;3.5579
8508168;8508163;0.5245;
8504105;8504117;1.6307;1.6703
8505007;8505006;3.461;3.5174
8501396;8501397;1.9016;
8500288;8500287;1.362;
8508396;8508394;4.4759;
8507471;8507470;2.2827;
8501494;8501495;0.7469;
8500304;8500320;3.2271;3.3517
8500034;8500033;1.8337;1.926
8501563;8501562;1.2617;
8501662;8501661;2.34;
8516353;8502024;1.6362;1.6472
8503126;8503125;3.2267;3.2267
8503237;8503238;1.5549;1.5905
8503501;8503502;6.1823;6.2871
8506106;8506217;2.7913;2.8269
8507100;8507009;5.6668;
8503122;8503121;2.6382;2.7234
8516154;8504488;3.1553;
8530261;8501284;0.3668;
8506013;8506012;1.8689;1.9484
8508083;8508084;2.834;
8507382;8507383;2.0212;
8507384;8507389;3.8634;
8505002;8505011;2.5669;2.645
8505214;8505216;8.2031;11.1711
8506004;8506003;1.2818;1.4409
8500181;8500178;1.1796;
8507083;8507084;1.9392;
8502119;8502105;3.8075;4.2557
8505402;8505412;1.6449;1.645
8503119;8503225;2.6834;
8508051;8508052;0.6536;
8505862;8505408;3.6607;
8500221;8500220;3.339;3.4776
8509364;8509363;2.5101;
8506193;8506105;4.8159;5.1429
8506046;8506045;2.2172;2.3034
8501482;8501725;0.3528;
8504221;8504220;2.84;2.9048
8504401;8504402;3.6779;3.6971
8506181;8506206;1.525;2.5741
8506023;8506022;5.602;7.6335
8504108;8507079;2.047;
8509416;8509414;4.4494;4.6322
8502164;8502165;0.6968;
8517527;8502300;0.6753;0.801
8504025;8504024;4.4019;4.5799
8508085;8508084;2.1758;
8500202;8500201;2.6125;2.6795
8500031;8500026;2.4299;2.5961
8501456;8501460;0.4827;
8504481;8504480;1.9981;
8505001;8505018;0.8586;0.8585
8504295;8504294;2.8007;
8500102;8500135;1.6497;1.6677
8508304;8508303;2.9735;
8506308;8516270;1.3362;1.469
8507079;8507078;1.4445;
8509413;8509412;7.1303;7.181
8502114;8502115;3.0305;3.0855
8500176;8500177;2.275;
8501172;8501171;1.2492;
8530066;8530067;0.4208;
8506367;8506368;0.4503;
8506307;8516271;1.8286;1.836
8500176;8500175;1.7395;
8501164;8501163;0.5786;
8504475;8504463;0.9637;
8503200;8503201;1.9978;2.0051
8502161;8516450;1.6317;
8503411;8503410;2.9548;3.536
8503428;8503429;2.4988;2.6184
8503315;8503314;2.252;2.3961
8501045;8501118;3.0767;3.8683
8501122;8501121;2.5184;2.567
8530064;8530066;0.2979;
8505000;8517336;2.102;
8501472;8501471;1.5573;
8502028;8502012;1.4272;2.16
8502012;8502020;1.9554;2.4462
8502030;8502043;0.7867;0.7913
8506044;8506043;2.8268;2.9631
8508261;8508262;2.6165;
8506352;8506353;0.8124;
8501482;8501483;0.1931;
8501171;8587727;1.2695;
8501037;8501047;1.3374;1.3415
8506100;8506019;3.9608;4.0008
8500207;8500280;0.6473;
8509068;8509269;20.2283;
8502185;8502272;0.3362;
8502185;8502248;0.528;
8500205;8518963;1.0304;1.0305
8507288;8507299;1.0138;
8501476;8593775;0.5182;
8503425;8503424;1.2023;1.8309
8509357;8509358;1.5313;
8507378;8507560;1.6827;
8517527;8515994;0.6749;0.684
8509173;8509174;2.0265;
8502106;8502105;1.7255;1.744
8501580;8501576;1.3225;
8504126;8504127;3.6757;3.6867
8504300;8504416;2.8701;
8503134;8506009;3.3536;3.8952
8505114;8505119;17.8121;28.8634
8504381;8504382;1.6148;
8503130;8503123;4.1057;4.4426
8530783;8501157;1.0001;
8507287;8507298;2.7136;
8500136;8500119;2.7397;2.8119
8506205;8506204;2.8171;3.1121
8504488;8504487;2.9306;
8508100;8508101;4.45;4.7066
8508184;8508183;1.4456;
8508269;8508268;1.2767;
8503294;8503286;2.0602;
8503020;8503006;3.5678;4.5116
8500292;8500212;2.4594;
8503305;8503304;3.3261;3.6736
8501095;8501085;1.2435;
8501165;8501166;1.5748;
8503091;8503087;0.5354;
8506036;8506038;1.5817;1.6702
8500211;8518690;1.1128;
8501391;8504070;2.0577;
8504462;8504472;0.6653;
8503100;8503004;1.5557;1.5945
8506365;8506366;0.3875;
8501950;8501951;7.712;
8508265;8508264;2.4255;
8509350;8509253;1.9372;
8503307;8503016;4.9894;
8504136;8504137;2.8258;3.7119
8502211;8502119;2.8001;
8502031;8502030;2.3384;2.3717
8501115;8501116;3.3529;3.5119
8503103;8503104;2.7374;2.8426
8502204;8516187;0.5919;0.646
8506362;8506361;0.9039;
8502120;8502121;2.5551;3.2714
8501686;8501685;5.0879;
8504383;8504382;2.0687;
8504411;8504410;2.3278;
8505306;8505305;3.2234;4.821
8507292;8507284;3.0781;
8500201;8500200;2.1868;2.2182
8503464;8518243;1.3318;
8508185;8508186;1.9809;
8530709;8530708;1.0187;
8503414;8503415;1.6289;1.65
8503223;8503222;3.3262;3.3706
8501285;8501286;0.6011;
8501575;8501576;4.9296;
8502128;8502116;2.5731;2.6191
8506197;8506198;2.1957;2.3868
8501475;8517485;1.2199;
8508102;8508103;5.801;6.0211
8503423;8503424;1.7836;2.227
8504185;8504186;2.8162;
8505201;8505119;15.4474;15.7624
8501603;8501604;4.1545;4.2175
8505219;8505218;1.891;2.1064
8501425;8501424;3.2756;3.3861
8505113;8505114;6.3247;6.333
8508305;8508329;1.445;
8504296;8504298;5.0281;
8508391;8508390;3.0381;
8506007;8506008;2.2085;2.2292
8506285;8506271;1.937;
8501498;8501499;0.6224;
8503104;8503105;2.8712;2.9571
8509077;8509078;4.0697;
8501493;8501727;0.6503;
8506019;8506018;4.5114;4.5159
8505177;8505176;1.2845;
8508312;8508311;2.5983;
8505394;8530789;0.3975;
8507284;8507293;1.6683;
8509063;8509064;3.0369;
8502011;8502007;2.1276;2.1296
8505406;8505405;2.9455;3.0056
8506398;8506397;2.1174;
8508320;8508319;2.6365;
8509264;8509269;1.2956;
8505499;8505497;1.6889;
8508263;8508264;4.1103;
8502028;8502017;4.6284;
8509250;8509256;4.1671;
8505350;8503280;4.9349;
8504293;8504292;2.3862;
8508057;8508071;0.3791;
8507272;8507271;2.1483;
8501117;8501116;3.5712;4.0458
8509373;8509356;3.7522;
8500120;8500109;3.2309;3.263
8508306;8508308;7.4405;
8506215;8506216;3.6444;4.6638
8507281;8507291;2.723;
8502160;8502189;0.5714;
8504489;8504495;0.8717;
8505302;8505301;3.743;4.3447
8501178;8501174;0.3987;
8502275;8502268;0.5781;
8508100;8508151;0.8553;
8503527;8503525;2.5396;2.5397
8502166;8502167;2.0285;
8506025;8506024;3.6827;
8501117;8501118;2.3872;
8503307;8503305;4.7765;
8508005;8508081;1.0688;
8509194;8509195;2.4571;
8508206;8508205;3.5799;3.7234
8509171;8509173;4.7228;
8501404;8501403;5.5417;6.2897
8503300;8503301;4.1767;4.4287
8509075;8509076;2.7648;
8508265;8508080;3.2614;
8504385;8504384;1.749;
8503051;8503090;1.4623;
8504138;8504137;4.1709;4.6396
8500215;8500216;2.23;2.2609
8506319;8509400;5.753;5.8567
8501671;8501670;3.9079;
8500209;8500210;3.2124;3.298
8501120;8501121;2.4207;2.506
8504139;8504138;3.4928;4.3282
8508395;8530800;0.3882;
8503226;8503225;1.5438;
8508250;8508251;1.1907;
8501110;8501111;2.9328;3.0255
8530366;8501452;0.9486;
8506179;8506173;2.1886;
8504301;8504302;2.3912;2.9265
8503124;8503125;3.8905;3.9694
8502021;8505000;3.0915;4.9073
8506387;8506388;0.6038;
8505003;8505002;2.3867;
8503208;8503210;2.3103;2.3349
8508187;8508186;3.361;
8500125;8500126;3.7594;5.055
8509366;8509367;1.7012;
8509067;8509065;5.6611;
8504216;8504215;3.714;4.3376
8503095;8503094;1.5088;
8503053;8503054;0.6158;
8530064;8501487;0.4947;
8509183;8509167;4.1228;
8530355;8501458;0.5234;
8500024;8500023;2.6541;2.6651
8503000;8503015;1.8436;
8504086;8504066;2.5187;
8500280;8500272;0.367;
8503508;8517376;0.5213;
8507006;8507005;3.0638;3.0934
8501609;8501952;20.9998;
8502204;8502300;0.6206;
8502220;8503001;4.095;4.4112
8503512;8503509;2.0236;2.0422
8501726;8530366;0.911;
8506302;8519306;0.861;
8505300;8505415;17.1561;
8509401;8509402;5.645;5.6488
8503118;8503119;5.8515;6.3122
8508215;8516354;1.3773;
8508255;8508256;3.5374;
8509170;8509171;1.989;
8506194;8506193;1.1803;2.9663
8507008;8507009;2.792;2.7921
8501565;8501566;2.8294;
8504140;8504128;1.9609;2.0514
8504305;8504306;2.8665;2.8978
8508320;8508318;1.2869;
8502192;8502196;0.8948;
8500214;8500215;3.7984;3.7987
8502270;8517376;0.5228;
8503220;8503221;3.7297;3.9055
8504064;8504063;1.583;
8503109;8503108;2.367;2.4342
8501014;8501013;1.3507;1.448
8506355;8506354;1.5612;
8516161;8507002;1.7287;
8508267;8508268;3.351;
8505172;8505173;2.9783;
8500214;8500213;2.3209;2.3208
8501677;8501609;2.9069;
8500294;8500293;0.7179;
8506107;8506217;3.4956;3.5975
8508061;8508060;1.0792;
8501082;8501083;0.6485;
8505180;8509179;1.1354;
8509055;8509056;0.8712;
8501008;8516155;3.0169;
8501164;8501165;0.4894;
8503287;8503293;1.225;
8506047;8506046;3.3237;4.1555
8505004;8505003;8.1144;8.6074
8502019;8502029;2.1272;2.2741
8500035;8500037;4.645;5.4504
8500174;8500167;3.6623;
8530760;8530800;2.561;
8508218;8508217;2.943;2.979
8508081;8508080;1.4884;
8530430;8501464;0.6095;
8509182;8509183;1.4695;
8508219;8508218;5.9327;6.0609
8504128;8504186;1.6076;
8506376;8506375;1.8795;
8509255;8509351;2.2116;
8501021;8501011;0.9114;1.0066
8505472;8505467;0.6257;
8506009;8506008;2.6552;3.143
8505588;8505593;0.8069;
8504314;8500184;1.0028;
8509061;8509060;3.5204;
8502019;8502027;1.0709;1.0797
8501667;8501666;0.9767;
8504088;8504067;2.6897;
8500322;8500320;8.7019;
8501020;8501011;1.0006;1.001
8504224;8504225;2.102;2.167
8500203;8500202;2.3889;2.3889
8507065;8507066;1.7768;
8506313;8506312;4.448;4.8806
8503094;8503093;0.5592;
8507000;8504495;2.9024;
8500218;8500217;0.8422;1.3358
8506383;8506384;0.9493;
8508159;8508158;0.5237;
8506127;8506126;1.3219;1.3508
8506292;8506293;4.4966;
8500300;8500313;3.4051;3.4289
8507474;8507473;5.079;
8502113;8502112;4.451;
8501505;8501510;2.7648;2.7633
8501094;8501085;2.5613;
8506001;8506002;1.7303;1.9177
8503097;8503098;2.3534;
8503287;8503206;2.6495;
8501423;8501424;2.7494;2.754
8509072;8509071;2.6483;
8504103;8504191;0.7073;0.724
8506286;8506380;1.0559;
8500211;8508159;0.51;
8503403;8503404;3.4017;3.4361
8501263;8501262;0.4178;
8501058;8501065;0.8896;
8507492;8508301;2.7865;
8503102;8503101;1.6985;1.7347
8502219;8502218;2.5441;2.5473
8506354;8506353;1.0663;
8530783;8501159;1.67;
8504386;8530012;1.3692;
8501510;8501506;4.3632;4.3629
8505404;8505415;2.2648;2.31
8500022;8500023;2.1045;2.1761
8506049;8506048;5.0829;5.3205
8501400;8501554;0.5145;
8502214;8502213;5.9144;5.9823
8505300;8505399;1.1003;
8509059;8509058;1.084;
8503000;8503020;1.9101;1.9183
8506138;8506139;2.0085;2.0674
8505305;8517519;3.4493;
8501476;8517485;0.9651;
8503235;8503234;1.4677;1.5673
8501198;8501395;0.8752;
8504131;8504132;5.2927;5.4493
8503106;8503105;1.2007;1.2296
8509266;8509265;3.8652;
8509250;8509251;2.1257;
8506102;8506103;3.1488;3.4457
8508327;8508313;1.8876;
8500190;8500169;1.37;
8500122;8500123;2.8415;2.8982
8509357;8509356;3.8816;
8504062;8504063;5.5976;
8530712;8504325;0.5807;
8505473;8505491;0.8153;
8500117;8500118;2.3989;2.4512
8500211;8500210;5.1768;5.6891
8506104;8506105;3.8014;3.7975
8505393;8530790;0.7937;
8504383;8504384;2.4193;
8509063;8509062;1.4338;
8504218;8504217;4.9385;5.3458
8508202;8508201;3.0944;3.2974
8508212;8508211;3.901;4.0821
8500170;8500164;0.9117;
8504089;8504088;0.8261;
8503504;8503505;1.9683;2.1948
8506011;8506010;3.1626;3.6148
8503319;8503318;1.0433;1.0523
8503302;8503301;3.2885;3.3155
8507296;8507286;2.353;
8507492;8510470;1.8428;
8505404;8505412;4.9617;5.443
8500128;8500144;1.7912;1.9014
8509255;8509254;2.4041;
8504139;8504181;1.8112;1.8226
8504295;8504296;2.5304;
8502224;8502223;2.5258;2.7337
8501265;8501264;0.4588;
8500173;8500167;0.3491;
8506270;8506358;0.2841;
8501087;8501088;1.4759;
8502122;8502100;2.7087;2.722
8506302;8506301;3.5181;3.5905
8504201;8504200;2.7511;3.5772
8507478;8501605;37.2417;
8507085;8507086;1.8763;
8507070;8507094;1.695;
8501454;8593467;0.8394;
8504308;8504307;1.1522;1.1658
8501500;8501405;4.8116;4.9868
8501031;8501030;4.7052;4.7382
8506387;8506386;0.9344;
8504291;8530263;1.0647;
8502186;8502278;1.0576;
8503421;8503420;3.2241;
8503400;8506041;3.8485;3.9399
8500218;8500037;1.5906;3.0195
8509004;8509003;1.9611;2.0274
8503117;8506200;10.2757;
8500100;8500162;6.7399;
8501374;8501383;0.2003;
8501006;8501007;1.3232;1.339
8503207;8503206;3.3747;3.4855
8509157;8509156;2.4489;
8508068;8500207;2.4701;
8501471;8501470;3.7654;
8504101;8519133;4.6896;4.7375
8501404;8501405;3.5546;3.6541
8508213;8508215;6.9958;7.9905
8502206;8502208;8.6635;9.7956
8502005;8502006;3.2899;3.7898
8508068;8508066;3.1896;
8508089;8508088;1.1182;
8504310;8504309;1.688;1.7531
8504314;8504237;6.7877;8.4686
8508213;8508212;2.0868;2.2196
8501045;8501048;1.7407;1.7445
8507292;8507291;2.9089;
8503124;8503123;2.8346;2.859
8501081;8501090;0.9534;
8501447;8501495;0.4669;
8504412;8504413;4.0363;4.2338
8502004;8502005;2.8016;2.9367
8500302;8500301;3.3537;3.3606
8504232;8504231;1.1914;1.2205
8505493;8505492;0.645;
8506010;8506206;3.0554;3.2106
8507068;8507069;1.0947;
8506280;8506281;2.0847;
8504184;8504183;2.9938;
8508185;8508184;0.9186;
8506133;8506134;2.5015;2.6741
8503003;8503004;2.0758;2.2422
8501388;8501395;1.3473;
8504414;8504413;3.1582;3.4423
8506277;8506288;1.1554;
8501448;8501466;0.7706;
8502226;8502225;2.7398;2.8183
8504011;8504012;3.3219;3.848
8516154;8504489;1.1201;
8503400;8503313;4.7529;5.0161
8507083;8507091;0.6763;
8503141;8503101;0.9261;0.9322
8508302;8508301;2.6119;
8504404;8518749;3.4088;3.537
8530463;8501453;0.3101;
8506014;8506035;3.8988;4.359
8508085;8508086;3.7977;
8502020;8502009;4.925;5.5569
8501124;8501125;1.3858;1.4545
8516272;8516273;1.4407;1.464
8502024;8502042;0.8064;0.8448
8505417;8505401;2.3985;2.7218
8508201;8508200;3.8596;4.2328
8505178;8505179;1.0182;
8502166;8502165;1.53;
8500141;8500126;2.6944;3.2537
8503465;8503466;2.5502;
8518243;8503463;2.1409;
8505213;8505212;3.1916;3.366
8505585;8505581;2.1148;
8504101;8504102;5.0687;5.6453
8501683;8501605;6.9469;
8506121;8506122;3.7553;3.9631
8505394;8505390;0.5207;
8593774;8593773;0.4259;
8506311;8506322;1.2191;1.2216
8503423;8518924;0.7048;1.0755
8507296;8507297;1.8327;
8506036;8506020;1.2078;1.2178
8502272;8502269;1.8951;
8506373;8506374;0.6234;
8502191;8502192;0.8076;
8501304;8501303;4.4102;4.4994
8505306;8505307;2.6146;2.6318
8502023;8502042;1.8274;1.8767
8504075;8504074;2.5797;
8502200;8505000;4.5091;
8504419;8504300;2.6006;3.1185
8505491;8505492;1.0385;
8500144;8500127;3.2367;3.4564
8505112;8505111;5.2901;5.9179
8509067;8509068;1.6419;
8510470;8507388;0.9731;
8503305;8503303;3.312;4.4773
8503112;8503110;1.5133;2.141
8504386;8530011;0.9719;
8501390;8501381;0.4942;
8501488;8530246;0.2999;
8506174;8506173;1.1117;
8509169;8509168;3.1745;
8506311;8506278;0.896;
8509266;8509267;4.6226;
8503295;8503288;0.7457;
8506309;8506121;2.4096;
8505165;8505164;2.4512;
8508168;8508162;0.8341;
8501565;8501564;2.7728;
8506194;8506195;3.1892;3.4941
8501501;8501500;4.3402;4.3643
8504293;8504294;2.2226;
8507100;8507094;3.3406;
8504140;8504188;3.0946;
8530225;8504387;0.9429;
8504103;8504115;2.5252;2.808
8501402;8530523;0.5725;
8504419;8518771;2.2649;2.269
8507278;8507279;1.4923;
8517484;8501470;0.8161;
8503136;8503135;2.3854;2.5269
8502213;8502271;1.304;
8509364;8509365;2.5925;
8506378;8506382;0.5159;
8503051;8503052;0.8459;
8503000;8503003;1.4299;
8502119;8502114;3.5439;3.7007
8505397;8505398;1.4978;
8507088;8507089;2.5602;
8502306;8515996;0.4947;0.5
8500286;8500285;1.5309;
8506000;8506001;2.0594;
8504315;8504316;3.6275;3.6672
8503237;8503236;2.3777;2.5652
8518100;8506359;0.4295;
8501263;8501280;0.559;
8516350;8515997;1.797;1.797
8508254;8508253;3.0741;
8503286;8503285;2.4449;
8508064;8508063;2.3404;
8500208;8500207;3.4124;3.4688
8507277;8507276;2.0591;
8507000;8504108;2.5654;2.9915
8501098;8501088;1.669;
8503317;8503316;2.786;2.8624
8502205;8517112;1.4256;1.4744
8503129;8503006;3.609;3.6445
8507478;8507480;4.9971;
8501675;8501676;2.8059;
8593773;8501477;0.612;
8501492;8593772;0.6013;
8506394;8506393;2.5419;
8508271;8508272;2.1458;
8501055;8519077;1.6394;
8508308;8530799;0.6436;
8505410;8505408;0.8597;0.863
8504314;8504312;8.1336;
8507076;8507092;0.8162;
8503234;8503233;1.8435;1.9635
8501377;8501385;1.3542;
8501609;8501636;6.076;
8516272;8517142;2.7229;3.337
8506294;8506293;3.0064;
8506131;8506198;2.2215;
8502211;8502105;2.0783;
8504486;8504400;4.8374;
8501229;8501463;0.603;
8504461;8504469;0.4701;
8516176;8500329;2.7234;2.9066
8503292;8503284;3.4085;
8501422;8501423;5.4808;5.4805
8501672;8501671;1.5269;
8508318;8508390;2.1144;
8502179;8502178;0.5702;
8503134;8503135;4.416;4.6674
8507379;8507560;1.9696;
8504415;8500220;2.6544;2.6763
8502222;8502223;3.4517;4.0494
8501063;8501057;2.4392;
8509004;8509411;5.9003;
8501080;8501091;0.8647;
8503203;8503202;2.0877;2.1342
8502176;8502167;0.3135;
8504206;8504208;3.7565;3.9742
8506004;8506005;2.2413;2.705
8506107;8506108;3.3829;3.5024
8504471;8504469;0.4573;
8506208;8506206;7.3759;9.6858
8500169;8500191;1.3441;
8506385;8506386;0.6035;
8501042;8501036;2.3478;2.4348
8506203;8506202;1.6891;1.69
8503201;8503202;1.4369;1.4513
8508207;8508269;3.9556;
8502002;8502003;2.5185;2.5185
8507492;8507493;1.6024;
8507295;8507294;1.5146;
8506196;8506195;2.3249;2.6698
8503511;8503505;1.5224;1.5418
8504027;8504028;1.8584;2.1553
8509179;8509178;6.1704;
8500025;8500024;2.0983;2.1099
8508294;8508293;3.3402;
8516270;8506309;4.0529;4.0931
8501063;8501064;0.8465;
8500020;8500021;3.4528;3.4994
8503052;8503053;0.3007;
8504203;8504205;6.9402;7.345
8500022;8500021;3.1776;3.8618
8509252;8509251;2.4886;
8501081;8501091;0.9797;
8501396;8501388;1.2081;
8501069;8501053;0.5318;
8507478;8507475;10.5074;
8500209;8500208;2.6833;2.7521
8506396;8506397;1.8208;
8502199;8502177;0.5885;
8503128;8503127;3.1824;3.1859
8519370;8509354;1.048;
8504135;8504134;1.6702;
8501497;8501447;1.4026;
8507006;8507007;3.601;3.601
8516161;8504410;3.7849;4.144
8509350;8509351;1.201;
8506013;8506014;3.221;3.2483
8509076;8509077;3.6318;
8500104;8500105;5.3414;6.3542
8503409;8503408;3.1286;3.2851
8503055;8503054;2.2276;
8505209;8505212;15.2544;15.73
8504182;8504183;2.8416;
8504060;8504014;2.2329;
8504013;8504012;1.7301;2.2227
8501375;8501384;1.1466;
8593772;8501491;0.2856;
8509154;8509153;1.3571;
8506045;8506000;5.4696;
8506175;8506169;0.7633;
8501686;8501687;3.6664;
8504411;8504412;5.5056;5.5657
8506170;8506177;1.7488;
8503402;8503401;2.7074;2.8521
8505395;8505392;1.6057;
8506317;8506318;3.6385;3.6422
8507276;8507275;1.5972;
8506316;8506314;1.9146;2.7725
8502023;8502022;2.4176;2.4263
8501684;8501683;3.2802;
8502219;8502202;3.3195;4.1441
8509000;8509006;0.9999;
8503222;8503221;2.9688;3.0859
8508056;8508071;0.7222;
8506005;8506006;1.7628;2.1715
8505590;8505599;5.3181;
8502181;8502182;0.4918;
8503231;8503232;2.5561;2.7589
8509181;8509182;1.8078;
8504226;8504225;2.3009;2.3315
8501492;8588193;0.7602;
8501391;8501392;2.8288;
8509006;8509051;1.6775;
8518963;8500206;0.8328;0.869
8506304;8506303;4.7434;5.3358
8506190;8506185;1.7194;2.2962
8500090;8500010;2.569;
8503314;8503312;1.8826;1.9453
8501153;8501154;2.4209;
8507000;8516161;2.9121;3.2056
8504467;8504468;3.5694;
8506311;8506312;2.3098;2.3364
8502278;8502277;1.9308;
8504123;8504124;2.861;2.9003
8506109;8506108;2.3674;2.3675
8505495;8505494;2.2683;
8500117;8500116;1.5901;1.9978
8509002;8509057;1.8788;
8500213;8500212;5.19;5.2051
8506377;8506276;1.0825;
8503423;8506039;1.0838;1.3451
8501302;8501303;2.1408;2.2514
8508059;8508058;2.1505;
8501107;8501106;3.1236;6.1367
8501157;8501156;1.1206;
8506133;8506118;1.9054;1.9686
8505495;8505496;2.0944;
8503096;8503099;1.0014;
8506286;8506271;2.8252;
8503290;8503282;1.4116;
8501684;8501685;4.8902;
8506015;8516218;1.9888;2.0589
8502194;8502181;0.5503;
8500172;8500165;2.3399;
8504100;8504030;3.0322;3.874
8504007;8504014;5.5365;5.9777
8504291;8504292;0.7273;
8501173;8501174;0.4995;
8509260;8509262;8.4643;
8506368;8506369;0.4937;
8507076;8507075;3.3867;
8501390;8501382;0.6512;
8503147;8503003;4.9526;5.3502
8505585;8505590;1.1943;
8501008;8501026;3.4181;5.9182
8502277;8502187;0.6636;
8504106;8504105;1.954;1.9539
8504194;8504192;4.479;4.736
8501061;8501055;1.2449;
8503000;8503011;1.4665;
8506177;8506176;1.7055;
8502275;8502188;0.6641;
8506025;8506139;2.7911;3.0514
8504392;8504391;1.6953;
8501020;8516283;2.0677;2.079
8501497;8501446;0.6527;
8501600;8501509;3.9773;4.1204
8501282;8501283;0.5738;
8503232;8503233;1.5035;1.5502
8504316;8504317;1.7648;1.7945
8506137;8506136;5.5203;5.7569
8500174;8500190;2.3539;
8501066;8501067;1.0923;
8501179;8501480;1.3843;
8505588;8505597;0.7646;
8506389;8506379;1.4848;
8501115;8501108;5.8866;8.2617
8501380;8501381;0.3614;
8500292;8500293;0.6229;
8504086;8504079;1.6447;
8504133;8504132;4.7372;5.6137
8504020;8504021;5.5265;6.1285
8504303;8504302;1.6394;1.6477
8503139;8503138;4.6616;4.903
8508302;8508303;3.2172;
8508206;8508207;2.9792;3.3756
8508250;8507100;1.1735;
8501200;8502476;0.9877;
8500101;8500100;2.5959;2.8431
8500021;8517131;1.6846;
8508309;8508308;4.8565;
8508008;8508100;7.129;7.5986
8505164;8505163;5.7425;
8502182;8502196;0.4745;
8506374;8506470;0.4238;
8506286;8506275;1.8598;
8506201;8506200;2.2617;
8505400;8505417;1.4169;1.4555
8504400;8516444;1.7062;1.7062
8508260;8508202;2.8536;
8503000;8503090;0.9202;
8504062;8504061;1.547;
8506216;8506217;2.0649;2.1094
8502226;8502227;2.9898;3.0055
8502276;8502268;0.7143;
8506171;8506179;1.398;
8509368;8509369;2.7144;
8508204;8508205;3.0169;3.0954
8508254;8508255;2.387;
8530463;8501465;0.8754;
8504311;8504310;2.6781;2.7923
8504028;8504030;4.2315;4.5833
8518690;8500212;0.8732;
8508327;8508312;3.6429;
8506298;8506299;3.3085;
8501474;8501473;0.683;
8501160;8501162;1.7827;
8508392;8508384;0.6979;
8506175;8506174;1.6014;
8506372;8506373;1.1065;
8504312;8504311;3.7609;3.8487
8500181;8500180;0.9568;
8501014;8501015;1.4533;1.4534
8518100;8506361;0.837;
8505300;8505301;1.7927;2.4355
8502168;8502176;0.5017;
8506303;8506393;3.1689;
8503137;8503138;4.563;4.9164
8500272;8500273;0.5404;
8501170;8501169;0.6312;
8500203;8500204;2.2325;2.2326
8505594;8505581;1.5101;
8501386;8501377;1.6776;
8508319;8516351;1.0713;
8508062;8508063;1.6313;
8503205;8503204;3.9003;3.9402
8502021;8502028;0.9621;1.0307
8501124;8501123;1.699;1.8435
8509417;8509416;3.035;3.1124
8501376;8501384;1.2724;
8505874;8505861;2.6189;
8506301;8506300;2.2036;2.3356
8506042;8506043;2.7953;2.8985
8507273;8507272;3.4684;
8509194;8509193;2.3313;
8501176;8501175;2.6212;
8507287;8507297;1.9546;
8501013;8501022;0.8205;0.828
8509061;8509062;1.3238;
8530303;8501500;1.2176;
8501462;8501229;1.1015;
8502010;8502007;2.0467;2.2324
8507092;8507077;2.1911;
8501170;8501168;0.8622;
8504184;8504185;4.2126;
8501301;8501302;1.0513;1.0707
8507295;8507286;2.2144;
8506313;8506351;0.6705;
8509175;8509174;4.7063;
8505209;8505207;6.0781;6.2999
8503010;8503009;1.8639;1.8749
8501104;8501103;2.3351;2.8178
8506003;8506002;2.5223;2.7669
8517112;8502231;4.3781;4.843
8501504;8501503;2.5522;2.5535
8509000;8509150;0.6651;
8501498;8501446;0.8448;
8500309;8502116;4.5195;4.865
8503086;8503093;1.5929;
8503117;8503116;3.2381;3.405
8506305;8506304;3.9675;4.8242
8506302;8506303;2.1798;2.3367
8501503;8501502;4.2871;4.2978
8500205;8500204;3.9855;4.0096
8501094;8501083;1.2925;
8503235;8503236;1.3308;1.3402
8502163;8502162;1.0887;
8506006;8506007;1.9182;2.3546
8500104;8500103;2.7532;2.8447
8501127;8501200;3.7208;3.8485
8502212;8502211;2.7085;2.7195
8505473;8505467;2.0085;
8501677;8501676;3.2127;
8504482;8504490;1.9672;
8500195;8500194;3.2115;
8502025;8516353;0.5647;0.5654
8509150;8509152;6.4657;
8501675;8501674;1.2506;
8501113;8501114;3.4304;3.4992
8502169;8502168;1.0788;
8508252;8508251;1.0658;
8503427;8506148;3.4614;3.5289
8501120;8518452;2.3096;2.354
8508008;8508006;9.6453;10.1392
8506127;8506119;1.2856;1.3337
8500188;8500187;2.4814;
8501120;8504000;2.2298;
8508070;8504410;0.5508;
8500115;8500114;4.7153;5.5023
8501500;8501572;1.5964;
8501609;8507470;6.3817;
8500109;8500105;9.3415;11.2084
8507085;8507084;1.0073;
8501287;8501288;0.5581;
8502216;8502217;2.9832;3.0624
8508384;8508394;2.2585;
8506215;8506214;1.2473;1.415
8500102;8500103;2.261;2.4104
8504219;8504220;2.0101;2.0459
8530709;8504509;0.6959;
8505304;8505303;3.3123;3.5833
8593774;8501479;0.7385;
8501490;8501491;0.5511;
8595245;8530712;1.0747;
8503508;8503512;1.3964;1.5162
8507072;8507073;2.7398;
8507087;8507095;1.5667;
8504470;8504472;1.3725;
8500192;8500194;3.6912;
8530760;8530799;0.6866;
8509250;8509199;3.4875;
8504387;8530012;1.0152;
8501092;8501080;1.2361;
8509269;8509263;1.8222;
8500286;8500287;2.5433;
8504064;8504065;6.1057;
8504102;8504113;2.2667;2.4835
8506203;8506204;2.8222;2.8915
8501468;8517484;0.5887;
8504100;8504181;2.2087;
8504219;8504209;2.5675;2.6745
8501577;8501576;2.7251;
8504314;8504321;1.2716;1.273
8506308;8516271;1.2534;1.3448
8508053;8508055;0.8135;
8506395;8506396;2.2351;
8508152;8508151;1.1441;
8516350;8502200;1.506;1.515
8501023;8501015;1.2005;1.2217
8501287;8501286;0.6725;
8505213;8505214;3.1271;3.1524
8504414;8518749;0.847;
8508204;8508203;2.6802;2.9333
8502174;8502184;1.5419;
8501664;8501663;2.5324;
8509263;8509262;6.1027;
8504415;8504441;1.9708;2.1071
8504077;8504078;1.6971;
8502306;8502202;3.3828;4.1448
8509404;8509406;4.9215;4.9216
8508316;8508323;4.9159;
8500303;8500320;3.0272;3.1187
8502197;8502177;0.9835;
8507380;8505226;1.2476;
8506313;8506314;3.8802;4.0139
8500031;8500032;1.5655;1.5783
8502034;8502029;3.0416;3.0604
8508399;8508396;6.1242;
8509197;8509198;5.3146;
8501506;8501507;5.3628;5.7214
8506123;8506122;1.979;1.9752
8508001;8504410;3.3349;3.8938
8503309;8503340;1.5278;1.6141
8504400;8504484;4.3358;
8501098;8501089;1.7251;
8504221;8504222;4.0489;4.0728
8504108;8507091;1.8579;
8503097;8503089;1.199;
8518771;8500200;3.7461;3.7698
8507067;8507066;0.8392;
8509354;8509353;2.3203;
8509072;8509073;2.6038;
8502101;8502122;1.5093;1.5971
8503420;8503404;3.0062;
8503310;8503006;2.4157;2.5229
8506100;8506171;0.4697;
8506395;8506394;3.2286;
8503340;8503016;2.2719;2.4162
8506367;8506366;0.7403;
8501126;8501127;0.972;0.9973
8505180;8505179;1.4014;
8508161;8508173;1.2374;
8500159;8500105;9.913;
8504475;8504474;1.45;
8508294;8508295;2.7923;
8500309;8502237;3.9934;4.2374
8508317;8508318;3.9311;
8501426;8501428;3.7076;3.8933
8501572;8501573;1.1185;
8509267;8509268;2.2603;
8504200;8504130;8.3548;
8506016;8506000;2.8813;
8504462;8504474;1.2674;
8502247;8502105;3.1663;3.423
8504510;8530711;0.9903;
8503107;8503108;2.4018;2.4827
8503096;8503095;0.8427;
8504486;8504487;4.8352;
8503318;8503317;2.4785;2.4787
8503414;8503408;1.9172;1.9234
8506001;8516218;1.3818;1.3934
8502022;8502017;2.7334;2.9775
8501661;8505163;14.4298;
8508153;8508154;0.6598;
8507382;8507381;2.2086;
8505177;8505178;3.0674;
8516219;8502106;3.4559;3.6964
8504129;8504400;4.0408;4.1368
8502274;8502188;0.375;
8505402;8505401;1.2131;1.1953
8504228;8504229;3.9028;3.977
8505217;8505216;3.3112;3.6472
8504305;8504304;1.8368;1.9383
8503462;8503424;3.1669;
8504100;8519133;1.443;1.4844
8502220;8502229;1.1509;1.2694
8504007;8504012;2.2284;2.4619
8504125;8504124;2.5288;2.5318
8507299;8507483;2.3424;
8508052;8508054;0.8829;
8504103;8504113;3.4954;3.7297
8503402;8503405;3.6659;3.9151
8504026;8504027;2.8382;2.9601
8504303;8504304;4.3376;4.5971
8501674;8501673;2.3575;
8530334;8501564;1.0658;
8500289;8500211;1.4534;
8508102;8508101;2.0067;2.267
8502119;8502043;4.2983;
8505219;8505300;3.9739;4.3512
8502110;8500218;2.9431;3.6389
8502010;8502006;4.2323;4.2738
8507064;8589198;1.4106;
8501394;8501393;2.8303;
8507270;8501399;1.7803;
8506297;8506298;3.9325;
8503292;8503282;3.3044;
8595245;8530713;0.8483;
8517142;8516155;1.335;1.427
8503122;8503123;5.729;5.8628
8502026;8502027;1.4036;1.4299
8501002;8501003;3.2465;3.387
8502008;8502011;2.5981;2.6168
8501729;8501673;1.5534;
8509254;8509251;2.7389;
8505217;8505218;4.1804;5.1304
8500125;8500124;5.229;6.1591
8502214;8502215;3.6736;3.736
8530711;8504325;0.3956;
8507072;8507071;1.4837;
8507483;8507100;8.5333;
8501509;8501507;9.8294;9.9792
8506362;8506364;1.7429;
8501422;8501421;1.7976;1.8507
8501203;8501300;1.36;1.4413
8508053;8508054;0.6203;
8507003;8508200;4.9935;
8501300;8501301;1.4159;1.4832
8502247;8502237;1.0576;1.0574
8501199;8501481;0.9501;
8503136;8503137;2.2553;2.363
8505397;8505396;0.7457;
8507481;8507483;5.4448;
8502179;8502195;0.4792;
8506213;8506212;1.8614;4.3276
8505499;8505589;4.6686;
8506118;8506132;1.8554;1.8865
8503205;8503206;3.0782;3.2482
8501084;8501097;1.9854;
8501668;8501667;1.4052;
8503208;8503207;1.7035;1.914
8508088;8508087;2.1511;
8508056;8504410;2.3055;
8506398;8506121;2.9831;
8501068;8510670;0.8119;
8504511;8530713;0.3564;
8502206;8515992;0.8699;0.9517
8505406;8505407;3.5187;3.5738
8508316;8508317;1.6178;
8509155;8509154;2.936;
8501060;8501061;3.1366;
8503006;8503015;2.3382;2.4158
8517377;8502274;0.3587;
8505861;8505862;5.9497;
8507077;8507093;0.9136;
8506359;8506358;0.589;
8502197;8502178;1.0654;
8501012;8501022;1.8065;1.8464
8509069;8509070;2.502;
8505174;8505175;1.3037;
8506283;8506282;1.4814;
8509002;8509003;4.4658;4.5498
8500217;8500216;2.3571;2.4145
8504510;8530710;1.3721;
8501177;8501176;2.505;
8501400;8501402;7.8076;8.2476
8530708;8504398;0.3671;
8503312;8503311;2.4512;2.5748
8507063;8589198;0.493;
8501485;8501179;0.3673;
8502217;8502218;4.1412;4.1997
8504471;8504470;0.7457;
8503310;8503311;3.2476;3.2914
8502224;8502225;3.65;4.0688
8508313;8508314;2.7203;
8504115;8504104;1.2905;1.3166
8503289;8503209;1.4255;
8515994;8502231;1.0051;1.045
8501110;8504200;4.6599;6.4343
8507281;8507290;2.992;
8508187;8508292;5.049;
8506285;8506284;1.7051;
8504483;8504188;4.2449;
8503413;8503405;3.6956;4.0351
8502128;8502115;1.5108;1.6554
8505584;8505578;0.6281;
8507008;8507007;2.5705;2.5705
8507093;8507078;2.0988;
8501031;8501033;7.0221;7.1263
8509252;8509253;2.0057;
8503409;8503410;1.9488;1.987
8506109;8506121;6.0429;6.576
8501662;8501663;1.6158;
8502104;8502103;3.7642;4.2148
8505004;8505005;4.4102;5.0575
8500136;8500010;1.8721;
8506305;8506322;1.6978;1.7236
8501501;8501502;4.4114;4.412
8506277;8506289;1.6953;
8506400;8506352;0.9857;
8505170;8505172;5.0748;
8503528;8503529;2.4725;2.5237
8501092;8501093;1.6562;
8509400;8509401;4.8808;5.098
8504075;8504077;2.1224;
8503128;8503129;2.7615;
8503226;8503227;2.6904;2.744
8502102;8502103;3.0652;3.0936
8506378;8506383;1.0419;
8503120;8503121;3.5962;4.8801
8505410;8505407;2.245;2.2913
8508161;8594258;1.3806;
8509198;8509199;6.0904;
8503428;8506148;1.5387;1.569
8501104;8501100;8.0563;
8503204;8503203;2.458;2.5593
8501067;8501068;1.6844;
8502276;8502187;0.8559;
8501382;8501383;0.4892;
8509188;8509189;2.4773;
8504219;8504218;3.2013;3.3209
8509057;8509058;4.4763;
8504086;8504023;13.6007;
8506016;8506038;0.979;1.0222
8507068;8507067;1.7425;
8506131;8506128;1.0399;1.1139
8501069;8510670;0.5776;
8503091;8503090;1.2975;
8509175;8509176;5.6661;
8503224;8503223;4.2686;4.289
8506202;8506201;2.7877;
8509181;8509180;2.414;
8503200;8503009;2.7804;2.8297
8504010;8504000;1.5707;1.6369
8504071;8504070;2.5679;
8500196;8500195;2.3139;
8509053;8509054;1.7634;
8501402;8501403;3.9025;4.0049
8530303;8501561;2.7383;
8507288;8507298;1.0397;
8503289;8503295;2.0369;
8501688;8501689;5.2528;
8501012;8501021;0.9654;0.973
8504482;8504483;3.4461;
8508217;8508216;3.7922;3.9896
8501153;8501152;2.1564;
8501454;8501465;1.0573;
8508297;8508295;5.5068;
8515993;8502204;1.0593;1.0593
8504385;8530011;1.5588;
8517377;8502273;0.382;
8502000;8508103;2.6662;3.1933
8509404;8509402;8.316;8.7055
8506049;8506039;1.054;1.1837
8506389;8506388;0.7571;
8503224;8503225;2.8988;2.9168
8500274;8500273;0.6836;
8503115;8503116;2.8273;2.8283
8500141;8500127;1.7976;1.8656
8503102;8503111;1.1089;1.1168
8501603;8501602;3.709;3.7612
8500309;8503503;3.5739;3.8354
8500303;8500302;5.9177;6.3866
8506015;8506035;1.2685;1.3335
8509185;8509186;3.8636;
8504191;8504192;0.9392;1.04
8509260;8509259;4.1898;
8500192;8500191;1.7816;
8503128;8503147;2.0836;
8504300;8504229;3.9905;4.547
8508154;8508155;1.7632;
8502221;8502222;4.2012;5.3382
8507274;8507290;1.5931;
8509152;8509153;3.1038;
8504217;8504216;4.0865;4.4633
8501281;8501266;0.437;
8505004;8502205;6.0461;
8502160;8502184;0.814;
8503239;8503240;0.4792;0.4886
8508100;8508181;1.3736;
8509417;8509418;3.2312;3.3811
8506290;8506291;2.5986;
8504135;8504136;1.9224;2.0352
8501452;8501458;1.8631;
8505001;8505011;2.7733;2.8285
8502113;8519685;0.8924;
8503010;8503011;0.9899;0.998
8506104;8506103;3.5606;3.5741
8500010;8500016;2.85;4.3916
8503284;8503285;2.4457;
8506210;8506300;3.7139;3.7451
8501601;8501600;5.1479;5.441
8506378;8506381;1.9939;
8503284;8503283;3.5036;
8503506;8516219;5.9022;
8501178;8501175;2.2188;
8503299;8503209;2.1147;
8504403;8504402;2.5591;2.5659
8506302;8506270;0.6252;
8506181;8506188;0.7064;0.7194
8504208;8504209;1.3917;1.4162
8506135;8506134;2.312;2.4179
8506170;8506178;0.748;
8502212;8502213;3.8551;3.8795
8504117;8504104;1.1736;1.1735
8500199;8500123;4.5737;
8508089;8500207;3.1702;
8503141;8503100;1.2563;1.2696
8501166;8501168;0.9498;
8504013;8504040;3.7419;3.8563
8503103;8503111;2.0013;2.0299
8509155;8509156;2.395;
8501112;8501194;2.3728;
8501160;8501181;0.4252;
8501037;8501036;4.3332;4.4102
8506290;8506280;1.6212;
8500034;8500035;1.9794;2.0067
8506319;8506318;3.0658;3.1085
8502004;8502003;2.7693;2.809
8501468;8501554;0.6622;
8506125;8506124;2.4257;2.4292
8503300;8503123;1.8192;2.3405
8501952;8501951;2.9434;
8505594;8505578;0.9482;
8504023;8504021;9.3011;9.6987
8503413;8503415;3.4255;4.3456
8504221;8504480;4.0988;
8506275;8506288;1.1371;
8501094;8501084;1.1282;
8504321;8504315;2.6539;2.67
8593776;8501477;0.3803;
8502008;8502009;5.0354;5.2093
8500135;8500101;2.0642;2.1042
8505113;8505112;2.9421;2.9496
8504223;8504222;4.1173;4.2329
8507069;8507096;0.5837;
8506290;8506392;5.0261;
8501688;8518885;0.787;
8501229;8501457;0.9268;
8504079;8504078;1.2235;
8508005;8508006;5.876;6.457
8507087;8507086;1.9106;
8508309;8508310;3.7043;
8502269;8502271;1.9645;
8500109;8500113;13.1653;
8503464;8503465;6.0134;
8509167;8509168;3.893;
8508003;8508004;3.1521;3.1826
8500186;8500187;3.7889;
8508392;8508391;3.3501;
8501062;8519077;1.0232;
8503501;8516176;0.835;0.8639
8502270;8502186;0.4603;
8505305;8518475;0.9664;1.0114
8508253;8508252;1.053;
8507383;8507389;3.8058;
8504481;8504490;1.5193;
8505204;8505205;6.0139;6.543
8500175;8500174;2.5055;
8501064;8501065;0.8747;
8502203;8515996;0.7623;0.7809
8501105;8501106;2.0555;2.1213
8501202;8501201;1.5917;1.6242
8509078;8509195;3.4073;
8508216;8508215;1.6884;1.7892
8501163;8501162;0.5786;
8500184;8500179;4.1113;
8505165;8505170;1.3818;
8503508;8503506;4.9049;5.047
8509000;8509050;1.1207;
8505404;8505405;4.2025;
8588122;8506143;0.8864;0.8889
8506169;8506176;0.7381;
8505000;8508321;1.7607;
8504236;8504237;3.9216;4.0909
8501082;8501093;1.6871;
8509418;8503225;8.8099;9.005
8504300;8504461;1.0072;
8503240;8503238;1.0522;1.1187
8506211;8506212;3.8764;4.2133
8507096;8508054;1.5296;
8508202;8508256;1.0965;
8500123;8500124;4.8766;5.2648
8506316;8506317;3.049;3.1185
8503056;8503055;1.0707;
8501058;8501056;1.2104;
8501687;8518885;2.8701;
8506380;8506381;2.0128;
8502100;8502121;1.5493;1.621
8507074;8507075;2.331;
8504316;8530260;0.5996;
8501420;8501403;3.0363;
8505493;8505494;1.6115;
8509256;8509257;1.483;
8504106;8504108;1.1157;1.1156
8501201;8501200;1.4938;1.5044
8508210;8508208;6.9096;9.0542
8507003;8507002;3.0962;3.1934
8508193;8508152;0.4904;
8500165;8500171;2.0535;
8504086;8504067;1.4679;
8505175;8505176;1.1809;
8506210;8506290;3.0033;
8508155;8508157;2.7369;
8503290;8505350;3.0072;
8501194;8530262;0.7208;
8508153;8508193;0.3975;
8504416;8504441;2.1761;2.2483
8593775;8593776;0.7501;
8506190;8506105;2.0158;2.8242
8504509;8530710;0.7561;
8506213;8506214;1.5604;1.8479
8503120;8503110;1.5134;1.7072
8509184;8509185;1.185;
8500218;8500028;10.541;11.1325
8503113;8503110;1.9481;
8502101;8502102;2.7009;2.7457
8501152;8501151;1.0637;
8506205;8506206;6.1868;
8503008;8503007;2.7329;2.8398
8508064;8508066;3.7086;
8509265;8509264;3.0294;
8530246;8530067;0.2418;
8500275;8500274;1.1828;
8505201;8505202;6.5115;6.8348
8504127;8504128;3.6354;3.7162
8501202;8501203;1.5437;1.5685
8509177;8509176;2.7507;
8508003;8508001;4.9062;5.1872
8593467;8501464;1.3894;
8501505;8501504;3.1829;3.1827
8501665;8501666;2.5792;
8509197;8509195;6.9681;
8506131;8506132;2.8233;2.8279
8503006;8503007;0.8037;
8501636;8501605;2.7017;
8503306;8503305;5.1239;5.7719
8503001;8503020;2.2383;2.2472
8503308;8503309;1.2117;2.4953
8501580;8501579;4.2175;
8501003;8501000;2.32;2.4
8506182;8506188;2.0755;2.1602
8502174;8502161;1.5712;
8506365;8506364;0.3999;
8501115;8501114;6.1;
8500300;8517131;1.3869;1.4031
8519306;8506371;0.7515;
8505209;8505114;57.673;
8516161;8508103;49.0228;
8504234;8504232;5.7364;6.0757
8504203;8504201;7.9358;8.0408
8505003;8502202;6.0862;
8500218;8508103;5.4902;
8508103;8500207;27.9072;
8502113;8502111;6.7155;
8500023;8500020;8.3293;
8503202;8503000;9.3248;
8503001;8503000;4.1429;
