BPUIC1;BPUIC2;NUM_CONNECTIONS;AVG_DURATION
8503000;8500010;36;54.0
8500010;8500090;67;6.07
8500090;8500010;67;6.39
8500010;8503000;39;57.87
8506286;8506271;34;3.0
8506271;8506285;34;2.0
8506285;8506284;34;3.0
8506284;8506283;34;6.0
8506283;8506282;34;2.0
8506282;8506281;34;5.0
8506281;8506280;34;3.0
8506280;8506290;34;5.0
8506290;8506210;34;6.0
8506210;8506290;34;7.0
8506290;8506280;34;2.0
8506280;8506281;34;4.0
8506281;8506282;34;5.0
8506282;8506283;34;4.0
8506283;8506284;34;5.0
8506284;8506285;34;2.0
8506285;8506271;34;2.0
8506271;8506286;34;8.0
8506286;8506275;18;2.0
8506275;8506288;18;2.0
8506288;8506277;18;2.0
8506277;8506289;18;6.0
8506289;8506277;18;2.0
8506277;8506288;18;3.0
8506288;8506275;18;2.0
8506275;8506286;18;4.0
8506369;8506368;57;1.0
8506368;8506367;57;1.0
8506367;8506366;57;3.0
8506366;8506367;57;1.0
8506367;8506368;57;2.0
8506368;8506369;57;2.0
8506366;8506365;55;1.0
8506365;8506364;55;2.0
8506364;8506362;55;4.0
8506362;8506361;55;2.0
8506361;8518100;55;2.0
8518100;8506359;55;2.0
8506359;8506358;55;2.0
8506358;8506270;55;1.0
8506270;8506302;55;6.0
8506302;8519306;54;1.0
8519306;8506371;54;2.0
8506371;8506372;54;2.0
8506372;8506373;54;3.0
8506373;8506374;54;1.0
8506374;8506470;54;1.0
8506470;8506375;54;4.0
8506375;8506376;40;3.0
8506376;8506377;40;3.0
8506377;8506276;40;2.0
8506276;8506382;40;2.0
8506382;8506378;40;2.0
8506378;8506381;42;3.0
8506381;8506380;42;3.0
8506380;8506286;42;3.69
8506286;8506380;41;2.0
8506380;8506381;41;3.0
8506381;8506378;41;4.0
8506378;8506382;40;0.0
8506382;8506276;40;2.0
8506276;8506377;40;4.0
8506377;8506376;40;2.0
8506376;8506375;40;4.0
8506375;8506470;54;2.0
8506470;8506374;54;1.0
8506374;8506373;54;1.0
8506373;8506372;54;2.0
8506372;8506371;54;3.0
8506371;8519306;54;2.0
8519306;8506302;54;5.02
8506302;8506270;55;2.0
8506270;8506358;55;2.0
8506358;8506359;55;2.0
8506359;8518100;55;1.0
8518100;8506361;55;2.0
8506361;8506362;55;3.0
8506362;8506364;55;3.0
8506364;8506365;55;2.0
8506365;8506366;55;2.0
8506378;8506383;13;2.0
8506383;8506384;13;1.0
8506384;8506385;13;1.0
8506385;8506386;13;2.0
8506386;8506387;13;4.0
8506387;8506388;13;2.0
8506388;8506389;13;3.0
8506389;8506379;13;8.0
8506379;8506389;13;4.0
8506389;8506388;13;2.0
8506388;8506387;13;1.0
8506387;8506386;13;3.0
8506386;8506385;13;1.0
8506385;8506384;13;1.0
8506384;8506383;13;1.0
8506383;8506378;13;7.0
8506378;8506377;2;5.0
8506377;8506375;2;6.0
8506375;8506373;2;4.0
8506373;8506302;2;10.0
8506302;8506373;2;7.0
8506373;8506375;2;4.0
8506375;8506377;2;5.0
8506377;8506378;2;5.0
8506350;8506351;25;5.0
8506351;8506313;25;4.0
8506313;8506351;25;1.0
8506351;8506350;25;5.0
8506100;8506171;39;2.0
8506171;8506179;39;2.0
8506179;8506173;39;3.0
8506173;8506174;39;3.0
8506174;8506175;39;2.0
8506175;8506169;39;1.0
8506169;8506176;39;2.0
8506176;8506177;48;2.0
8506177;8506170;48;3.0
8506170;8506178;48;1.19
8506178;8506206;48;7.44
8506206;8506178;48;4.0
8506178;8506170;48;2.0
8506170;8506177;48;2.19
8506177;8506176;48;3.81
8506176;8506169;39;1.0
8506169;8506175;39;1.0
8506175;8506174;39;3.0
8506174;8506173;39;2.0
8506173;8506179;39;3.0
8506179;8506171;39;2.0
8506171;8506100;39;4.0
8501463;8501229;59;2.0
8501229;8501462;35;2.0
8501462;8501726;35;2.0
8501726;8530366;35;1.0
8530366;8501452;35;1.0
8501452;8501458;35;2.0
8501458;8530355;35;2.0
8530355;8501461;35;3.0
8501461;8501400;35;6.0
8501448;8501466;25;2.0
8501466;8501453;25;4.0
8501453;8530463;25;1.0
8530463;8501465;25;3.0
8501465;8501454;25;3.0
8501454;8593467;25;1.0
8593467;8501464;25;4.0
8501464;8530430;25;1.0
8530430;8530378;25;1.0
8530378;8501460;25;1.0
8501460;8501456;25;4.88
8501456;8501457;25;2.0
8501457;8501229;25;4.0
8501229;8501463;60;2.37
8501400;8501461;35;5.0
8501461;8530355;35;1.0
8530355;8501458;35;2.0
8501458;8501452;35;2.0
8501452;8530366;35;1.0
8530366;8501726;35;2.0
8501726;8501462;35;2.0
8501462;8501229;35;2.0
8501229;8501457;24;4.0
8501457;8501456;24;2.0
8501456;8501460;24;3.08
8501460;8530378;24;1.0
8530378;8530430;24;1.0
8530430;8501464;24;2.92
8501464;8593467;24;2.0
8593467;8501454;24;2.0
8501454;8501465;24;5.0
8501465;8530463;24;2.0
8530463;8501453;24;1.0
8501453;8501466;24;4.0
8501466;8501448;24;3.0
8501400;8501554;42;3.14
8501554;8501484;24;2.0
8501484;8501485;24;2.0
8501485;8501179;24;1.0
8501179;8501480;24;7.0
8501480;8501199;24;2.0
8501199;8501481;24;4.0
8501481;8501725;24;2.0
8501725;8501482;24;3.0
8501482;8501483;23;2.0
8501483;8501482;23;5.0
8501482;8501725;24;2.0
8501725;8501481;24;4.0
8501481;8501199;24;4.0
8501199;8501480;24;4.0
8501480;8501179;24;6.0
8501179;8501485;24;2.0
8501485;8501484;24;5.0
8501484;8501554;24;2.0
8501554;8501400;42;4.57
8501479;8593774;18;1.0
8593774;8593773;18;1.0
8593773;8501477;18;1.0
8501477;8593776;18;1.0
8593776;8593775;18;1.0
8593775;8501476;18;1.0
8501476;8517485;18;2.0
8517485;8501475;18;2.0
8501475;8501473;18;6.0
8501473;8501474;36;2.5
8501474;8501473;36;2.5
8501473;8501472;18;5.0
8501472;8501471;18;5.0
8501471;8501470;18;8.0
8501470;8517484;18;3.0
8517484;8501468;18;2.0
8501468;8501554;18;2.0
8501554;8501468;18;2.0
8501468;8517484;18;2.0
8517484;8501470;18;3.0
8501470;8501471;18;8.0
8501471;8501472;18;4.0
8501472;8501473;18;5.0
8501473;8501475;18;5.0
8501475;8517485;18;2.0
8517485;8501476;18;2.0
8501476;8593775;18;1.0
8593775;8593776;18;1.0
8593776;8501477;18;1.0
8501477;8593773;18;1.0
8593773;8593774;18;1.0
8593774;8501479;18;1.0
8501495;8501494;19;4.0
8501494;8501727;19;1.0
8501727;8501493;19;4.0
8501493;8588193;19;2.0
8588193;8501492;19;5.0
8501492;8593772;19;1.0
8593772;8501491;19;4.0
8501491;8501490;19;5.0
8501490;8501488;17;9.0
8501488;8530246;17;1.0
8530246;8530067;17;1.0
8530067;8530066;17;1.0
8530066;8530064;17;1.0
8530064;8501487;17;2.0
8501487;8530523;17;2.0
8530523;8501402;17;3.0
8501488;8501490;17;7.0
8501490;8501491;19;2.0
8501491;8593772;19;1.0
8593772;8501492;19;4.11
8501492;8588193;19;2.0
8588193;8501493;19;3.0
8501493;8501727;19;3.0
8501727;8501494;19;2.0
8501494;8501495;19;3.0
8501402;8530523;17;1.0
8530523;8501487;17;3.0
8501487;8530064;17;2.0
8530064;8530066;17;1.0
8530066;8530067;17;1.0
8530067;8530246;17;1.0
8530246;8501488;17;1.0
8501495;8501447;34;2.03
8501447;8501497;34;5.0
8501497;8501446;34;2.0
8501446;8501498;34;5.03
8501498;8501499;34;4.18
8501499;8501498;34;4.0
8501498;8501446;34;3.0
8501446;8501497;34;5.0
8501497;8501447;34;6.0
8501447;8501495;34;3.94
8501096;8501095;34;4.0
8501095;8501085;34;2.0
8501085;8501094;34;4.0
8501094;8501083;34;1.0
8501083;8501082;34;1.0
8501082;8501093;34;3.0
8501093;8501092;34;3.0
8501092;8501080;34;1.0
8501080;8501091;34;2.0
8501091;8501081;34;3.0
8501081;8501090;34;2.0
8501090;8501054;34;1.0
8501054;8501037;34;4.0
8501037;8501054;34;1.0
8501054;8501090;34;1.0
8501090;8501081;34;2.0
8501081;8501091;34;2.0
8501091;8501080;34;1.0
8501080;8501092;34;2.0
8501092;8501093;34;3.0
8501093;8501082;34;2.0
8501082;8501083;34;1.0
8501083;8501094;34;4.0
8501094;8501085;34;3.0
8501085;8501095;34;2.0
8501095;8501096;34;6.0
8501094;8501084;13;1.0
8501084;8501097;13;3.0
8501097;8501087;13;1.0
8501087;8501088;13;2.0
8501088;8501098;13;3.0
8501098;8501089;18;2.0
8501089;8501099;18;2.0
8501099;8501089;18;1.0
8501089;8501098;18;3.0
8501098;8501088;13;2.0
8501088;8501087;13;2.0
8501087;8501097;13;2.0
8501097;8501084;13;2.0
8501084;8501094;13;2.0
8501094;8501097;5;4.0
8501097;8501098;5;5.0
8501098;8501097;5;5.0
8501097;8501094;5;4.0
8502273;8502276;2;6.0
8502276;8502277;2;3.0
8502277;8503508;2;9.0
8503508;8502277;1;8.0
8502277;8502276;1;5.0
8502276;8502273;1;8.0
8502213;8502271;41;2.0
8502271;8502269;41;1.0
8502269;8502272;41;5.0
8502272;8502185;71;1.0
8502185;8502248;71;1.0
8502248;8502273;71;1.56
8502273;8517377;70;1.0
8517377;8502274;70;1.0
8502274;8502188;70;2.0
8502188;8502275;70;2.0
8502275;8502268;70;1.0
8502268;8502276;70;2.03
8502276;8502187;69;2.0
8502187;8502277;69;1.0
8502277;8502278;69;2.0
8502278;8502186;69;2.0
8502186;8502270;69;1.0
8502270;8517376;69;1.0
8517376;8503508;69;3.96
8503508;8517376;69;1.0
8517376;8502270;69;1.0
8502270;8502186;69;1.0
8502186;8502278;69;2.0
8502278;8502277;69;3.0
8502277;8502187;69;1.0
8502187;8502276;69;2.0
8502276;8502268;69;1.0
8502268;8502275;69;1.0
8502275;8502188;69;2.0
8502188;8502274;69;1.0
8502274;8517377;69;2.0
8517377;8502273;69;1.57
8502273;8502248;71;1.0
8502248;8502185;71;1.0
8502185;8502272;71;2.0
8502272;8502269;40;2.0
8502269;8502271;40;3.0
8502271;8502213;40;3.95
8507379;8507560;45;5.0
8507560;8507378;45;5.0
8507378;8507560;45;4.0
8507560;8507379;45;6.02
8507384;8507389;33;8.97
8507389;8507388;64;5.0
8507388;8510470;64;1.0
8510470;8507492;64;3.97
8507492;8510470;64;2.0
8510470;8507388;64;2.0
8507388;8507389;64;6.0
8507389;8507384;32;9.0
8507380;8505226;32;3.0
8505226;8507381;32;2.0
8507381;8507382;33;2.03
8507382;8507383;33;6.0
8507383;8507389;32;6.0
8507389;8507383;32;4.0
8507383;8507382;32;5.0
8507382;8507381;32;3.0
8507381;8505226;32;3.0
8505226;8507380;32;6.0
8507380;8507381;1;5.0
8504466;8504465;34;4.0
8504465;8504464;34;2.0
8504464;8504463;34;4.0
8504463;8504475;56;2.0
8504475;8504474;56;1.0
8504474;8504462;56;3.0
8504462;8504472;56;1.0
8504472;8504470;56;2.0
8504470;8504471;56;1.0
8504471;8504469;56;1.0
8504469;8504461;56;2.0
8504461;8504300;56;4.0
8504483;8504468;33;2.91
8504468;8504467;33;4.0
8504467;8504466;33;2.0
8504300;8504461;56;2.0
8504461;8504469;56;1.0
8504469;8504471;56;1.0
8504471;8504470;56;1.0
8504470;8504472;56;2.0
8504472;8504462;56;3.0
8504462;8504474;56;2.0
8504474;8504475;56;1.0
8504475;8504463;56;3.0
8504463;8504464;33;2.0
8504464;8504465;33;2.0
8504465;8504466;33;3.0
8504466;8504467;33;3.0
8504467;8504468;33;4.0
8504468;8504483;33;3.0
8501281;8501266;50;1.0
8501266;8501265;50;1.0
8501265;8501264;50;1.0
8501264;8501280;50;2.0
8501280;8501263;50;1.0
8501263;8501262;50;1.0
8501262;8502476;50;1.0
8502476;8501200;50;6.0
8501200;8502476;50;3.0
8502476;8501262;50;2.0
8501262;8501263;50;1.0
8501263;8501280;50;3.0
8501280;8501264;50;1.0
8501264;8501265;50;1.0
8501265;8501266;50;1.0
8501266;8501281;50;3.0
8501281;8501282;20;2.0
8501282;8501283;20;1.0
8501283;8501284;20;2.0
8501284;8530261;16;1.0
8530261;8501285;16;2.0
8501285;8501286;16;2.0
8501286;8501287;16;2.12
8501287;8501286;16;3.88
8501286;8501285;16;2.0
8501285;8530261;16;3.0
8530261;8501284;16;1.0
8501284;8501283;20;1.8
8501283;8501282;20;3.0
8501282;8501281;20;5.5
8501287;8501288;14;4.0
8501288;8501287;14;3.0
8500170;8500162;28;1.0
8500162;8500100;28;10.0
8500100;8500162;28;7.0
8500162;8500170;28;1.96
8500170;8500164;19;3.0
8500164;8500171;19;2.89
8500171;8500165;19;1.0
8500165;8500172;19;3.0
8500172;8500173;19;2.42
8500173;8500167;21;1.0
8500167;8500174;21;7.52
8500174;8500167;21;4.95
8500167;8500173;21;2.05
8500173;8500172;19;2.05
8500172;8500165;19;2.0
8500165;8500171;19;4.16
8500171;8500164;19;2.0
8500164;8500170;19;4.74
8500191;8500169;29;1.0
8500169;8500190;29;2.0
8500190;8500174;29;3.9
8500174;8500175;23;2.74
8500175;8500176;23;1.26
8500176;8500177;23;3.0
8500177;8500180;22;1.0
8500180;8500181;22;2.0
8500181;8500178;22;2.0
8500178;8500179;22;2.41
8500179;8500184;22;6.27
8500184;8504314;22;7.23
8500174;8500190;28;2.0
8500190;8500169;28;1.0
8500169;8500191;28;3.93
8500191;8500192;16;1.0
8500192;8500194;16;4.0
8500194;8500195;16;3.0
8500195;8500196;16;3.94
8500196;8500199;16;7.0
8500199;8500123;16;9.88
8504314;8500184;22;2.0
8500184;8500179;22;4.82
8500179;8500178;22;3.55
8500178;8500181;22;1.0
8500181;8500180;22;1.0
8500180;8500177;22;3.0
8500177;8500176;23;2.0
8500176;8500175;23;2.0
8500175;8500174;23;5.22
8500123;8500199;16;6.0
8500199;8500196;16;8.94
8500196;8500195;16;2.0
8500195;8500194;16;5.0
8500194;8500192;16;3.0
8500192;8500191;16;5.0
8500188;8500187;23;3.0
8500187;8500186;23;6.0
8500186;8500126;26;5.0
8500126;8500186;26;4.0
8500186;8500187;23;6.0
8500187;8500188;23;4.0
8504316;8530260;20;0.0
8530260;8504391;20;0.0
8504391;8504392;20;5.0
8504392;8504391;20;3.0
8504391;8530260;20;0.0
8530260;8504316;20;3.0
8504511;8530713;59;0.0
8530713;8595245;59;0.54
8595245;8530712;59;0.0
8530712;8504325;59;0.81
8504325;8530711;59;0.0
8530711;8504510;59;1.2
8504510;8530710;58;1.0
8530710;8504509;58;1.91
8504509;8530709;58;0.0
8530709;8530708;58;1.0
8530708;8504398;58;4.31
8504398;8530708;58;0.0
8530708;8530709;58;0.0
8530709;8504509;58;1.9
8504509;8530710;58;0.0
8530710;8504510;58;2.98
8504510;8530711;59;0.0
8530711;8504325;59;1.19
8504325;8530712;59;0.0
8530712;8595245;59;2.24
8595245;8530713;59;0.0
8530713;8504511;59;2.17
8504510;8504398;1;6.0
8504398;8504510;1;6.0
8504388;8530225;18;0.0
8530225;8504387;18;0.0
8504387;8530012;18;0.0
8530012;8504386;18;1.0
8504386;8530011;18;0.0
8530011;8504385;18;2.17
8504385;8504384;18;1.0
8504384;8504383;18;2.11
8504383;8504382;17;2.0
8504382;8504381;17;2.0
8504381;8504314;17;3.0
8504314;8504381;17;0.0
8504381;8504382;17;2.0
8504382;8504383;17;1.94
8504383;8504384;17;2.0
8504384;8504385;17;3.06
8504385;8530011;17;1.0
8530011;8504386;17;0.0
8504386;8530012;17;0.0
8530012;8504387;17;0.0
8504387;8530225;17;0.0
8530225;8504388;17;3.18
8505398;8505397;66;3.0
8505397;8505396;66;2.0
8505396;8505392;66;1.0
8505392;8505395;66;4.0
8505395;8505390;66;3.0
8505390;8505394;66;1.0
8505394;8530789;66;1.0
8530789;8505393;66;6.0
8505393;8530790;66;1.0
8530790;8505399;66;1.0
8505399;8505300;66;3.0
8505300;8505399;66;2.0
8505399;8530790;66;1.0
8530790;8505393;66;3.0
8505393;8530789;66;4.0
8530789;8505394;66;2.0
8505394;8505390;66;1.0
8505390;8505395;66;3.0
8505395;8505392;66;3.0
8505392;8505396;66;2.0
8505396;8505397;66;1.0
8505397;8505398;66;4.0
8509179;8505180;14;3.0
8505180;8505179;14;3.0
8505179;8505178;14;2.0
8505178;8505177;14;5.0
8505177;8505176;14;3.86
8505176;8505175;26;2.04
8505175;8505174;26;2.96
8505174;8505175;26;2.0
8505175;8505176;26;3.58
8505176;8505177;14;2.0
8505177;8505178;14;5.86
8505178;8505179;14;3.0
8505179;8505180;14;4.0
8505180;8509179;14;7.71
8501661;8505163;15;21.0
8505163;8505164;24;8.0
8505164;8505165;24;6.33
8501609;8501677;31;4.1
8501677;8501676;31;4.97
8501676;8501675;31;5.45
8501675;8501674;31;3.03
8501674;8501673;31;7.0
8501673;8501729;31;3.0
8501729;8501672;31;2.0
8501672;8501671;15;6.0
8501671;8501670;15;6.0
8501670;8501669;15;3.0
8501669;8501668;15;2.0
8501668;8501667;15;2.0
8501667;8501666;15;3.0
8501666;8501665;15;4.0
8501665;8501664;15;2.0
8501664;8501663;15;4.0
8501663;8501662;15;2.0
8501662;8501661;15;6.0
8501605;8501636;37;2.41
8501636;8501609;37;9.0
8501672;8501729;32;2.0
8501729;8501673;32;3.5
8501673;8501674;32;7.78
8501674;8501675;32;4.03
8501675;8501676;32;6.0
8501676;8501677;32;4.5
8501677;8501609;32;5.0
8501609;8501636;35;7.06
8501636;8501605;35;4.4
8505165;8505164;24;4.33
8505164;8505163;24;7.96
8505163;8501661;15;19.27
8501661;8501662;15;3.0
8501662;8501663;15;2.87
8501663;8501664;15;3.0
8501664;8501665;15;2.87
8501665;8501666;15;4.0
8501666;8501667;15;1.87
8501667;8501668;15;3.0
8501668;8501669;15;3.0
8501669;8501670;15;2.87
8501670;8501671;15;5.0
8501671;8501672;15;7.87
8505165;8505119;34;15.47
8505119;8505165;34;10.76
8505174;8505173;13;7.0
8505173;8505172;13;7.0
8505172;8505170;13;11.0
8505170;8505165;15;17.33
8505165;8505170;13;9.0
8505170;8505172;13;10.0
8505172;8505173;13;11.0
8505173;8505174;13;9.0
8501689;8501609;2;74.0
8501609;8505165;2;92.0
8505165;8509179;2;62.0
8509179;8505170;2;43.0
8505165;8501609;2;106.0
8501609;8501689;2;77.0
8505400;8505473;7;8.0
8505473;8505494;5;9.0
8505494;8505497;1;13.0
8505497;8505499;11;4.64
8505499;8505589;1;12.0
8505589;8505580;1;3.0
8505580;8505584;7;5.0
8505584;8505578;1;1.0
8505578;8505594;1;2.0
8505594;8505581;1;3.0
8505581;8505585;7;4.0
8505585;8505590;1;2.0
8505590;8505599;1;14.0
8505599;8505597;1;4.0
8505597;8505588;1;5.0
8505588;8505593;1;5.0
8505473;8505491;17;2.06
8505491;8505492;17;2.06
8505492;8505493;17;1.94
8505493;8505494;17;4.94
8505494;8505495;13;5.0
8505495;8505496;13;5.0
8505496;8505497;10;2.9
8505499;8505580;6;15.0
8505584;8505581;6;6.0
8505585;8505597;6;21.0
8505593;8505588;1;5.0
8505588;8505597;2;5.0
8505597;8505599;2;4.0
8505599;8505590;2;14.0
8505590;8505585;2;3.0
8505585;8505581;7;4.0
8505581;8505594;2;3.0
8505594;8505578;2;1.0
8505578;8505584;2;1.0
8505584;8505580;7;5.0
8505580;8505589;2;3.0
8505589;8505499;2;13.0
8505499;8505497;13;3.0
8505497;8505496;13;4.85
8505496;8505495;15;5.8
8505495;8505494;15;5.0
8505494;8505473;7;10.14
8505473;8505400;7;11.0
8505400;8505472;16;3.19
8505472;8505467;16;2.0
8505467;8505473;16;4.0
8505494;8505493;17;5.06
8505493;8505492;17;2.06
8505492;8505491;17;2.06
8505491;8505473;17;3.06
8505473;8505467;15;3.8
8505467;8505472;15;1.07
8505472;8505400;17;6.94
8505473;8505472;2;5.0
8505473;8505492;1;4.0
8505492;8505494;1;5.0
8505494;8505499;4;16.0
8505597;8505593;5;10.0
8505593;8505597;5;10.0
8505597;8505585;5;21.0
8505581;8505584;5;5.0
8505580;8505499;5;16.0
8505499;8505496;1;7.0
8505496;8505494;2;10.0
8505499;8505494;3;17.0
8505494;8505496;1;10.0
8505496;8505499;1;6.0
8501173;8501174;40;1.0
8501174;8501178;40;1.0
8501178;8501175;40;3.0
8501175;8501176;40;3.0
8501176;8501177;40;4.0
8501173;8501172;69;3.0
8501172;8501171;69;1.0
8501171;8587727;69;1.0
8587727;8501169;69;2.0
8501169;8501170;69;1.0
8501170;8501168;69;1.0
8501168;8501166;69;2.0
8501166;8501165;69;2.0
8501165;8501164;69;1.0
8501164;8501163;68;1.0
8501163;8501162;68;2.0
8501162;8501160;68;3.0
8501160;8501181;68;2.0
8501177;8501176;40;2.0
8501176;8501175;40;2.0
8501175;8501178;40;2.0
8501178;8501174;40;1.0
8501174;8501173;40;2.0
8501181;8501160;68;1.0
8501160;8501162;68;2.0
8501162;8501163;68;0.99
8501163;8501164;68;1.0
8501164;8501165;69;1.99
8501165;8501166;69;3.0
8501166;8501168;69;1.0
8501168;8501170;69;2.0
8501170;8501169;69;1.0
8501169;8587727;69;1.0
8587727;8501171;69;2.0
8501171;8501172;69;2.0
8501172;8501173;69;4.0
8508100;8508151;73;1.0
8508151;8594258;36;1.0
8594258;8508161;36;1.0
8508161;8508173;36;1.0
8508173;8508162;36;2.0
8508162;8508168;36;1.0
8508168;8508163;36;1.0
8508163;8508164;19;2.0
8508163;8508168;36;0.0
8508168;8508162;36;2.0
8508162;8508173;36;1.0
8508173;8508161;36;1.0
8508161;8594258;36;1.0
8594258;8508151;36;1.0
8508151;8508100;73;4.78
8508164;8508163;19;1.0
8501500;8530303;22;1.0
8530303;8501561;22;3.27
8501561;8501562;22;11.0
8501562;8501563;22;5.0
8501563;8530334;22;1.0
8530334;8501564;22;3.82
8501564;8501565;22;8.0
8501565;8501566;21;6.05
8501566;8501568;21;4.81
8501565;8501564;22;8.45
8501564;8530334;22;2.05
8530334;8501563;22;3.14
8501563;8501562;22;4.14
8501562;8501561;22;14.14
8501561;8530303;22;2.14
8530303;8501500;22;4.82
8501568;8501566;20;2.0
8501566;8501565;20;9.0
8501397;8501396;21;2.05
8501396;8501388;21;1.95
8501388;8501395;21;3.0
8501395;8501198;21;1.05
8501198;8501394;21;4.43
8501394;8501393;24;4.0
8501393;8501392;24;1.79
8501392;8501391;24;5.0
8501391;8504070;24;5.67
8504070;8501379;24;4.62
8501379;8501378;24;5.71
8501378;8501377;5;12.8
8501377;8501385;20;3.0
8501385;8501376;20;4.2
8501376;8501384;34;3.0
8501384;8501375;34;3.85
8501375;8501374;34;2.09
8501374;8501383;20;1.0
8501383;8501382;20;1.0
8501382;8501390;20;1.8
8501390;8501381;20;1.0
8501381;8501380;20;1.0
8501380;8501300;22;5.59
8501394;8501198;20;1.0
8501198;8501395;20;2.0
8501395;8501388;20;2.0
8501388;8501396;20;3.0
8501396;8501397;20;4.0
8501397;8501398;20;5.0
8501398;8501399;20;4.0
8501399;8507270;19;3.0
8507270;8507271;19;4.95
8507271;8507272;26;5.0
8507272;8507273;19;5.95
8507273;8507290;19;12.26
8501399;8501398;20;3.0
8501398;8501397;20;4.1
8501378;8501387;19;3.05
8501387;8501386;19;3.0
8501386;8501377;19;6.0
8501300;8501380;21;1.0
8501380;8501381;21;1.0
8501381;8501390;21;1.14
8501390;8501382;21;1.86
8501382;8501383;21;1.0
8501383;8501374;21;1.76
8501374;8501375;36;3.03
8501375;8501384;36;2.0
8501384;8501376;36;4.11
8501376;8501385;21;3.0
8501385;8501377;21;6.0
8501377;8501386;20;3.0
8501386;8501387;20;3.0
8501387;8501378;20;3.1
8501378;8501379;25;8.32
8501379;8504070;25;5.2
8504070;8501391;25;4.08
8501391;8501392;25;4.92
8501392;8501393;25;1.96
8501393;8501394;25;6.72
8507290;8507273;19;7.0
8507273;8507272;19;7.0
8507272;8507271;26;3.73
8507271;8507270;19;5.0
8507270;8501399;19;6.89
8501377;8501376;14;8.14
8501374;8501300;12;10.0
8501300;8501374;15;7.0
8501376;8501377;15;8.8
8501374;8501380;2;5.5
8501377;8501378;5;10.0
8507290;8507274;25;2.0
8507274;8507275;25;3.0
8507275;8507276;25;4.0
8507276;8507277;25;2.0
8507277;8507278;25;3.0
8507278;8507279;25;3.96
8501399;8507271;7;7.0
8507272;8507290;7;15.29
8507279;8507278;25;2.0
8507278;8507277;25;2.0
8507277;8507276;25;4.04
8507276;8507275;25;2.0
8507275;8507274;25;3.08
8507274;8507290;25;3.32
8507290;8507272;7;13.57
8507271;8501399;7;10.14
8501300;8504070;4;44.0
8504070;8501394;4;17.0
8501394;8501399;4;18.0
8501399;8501394;4;17.0
8501394;8504070;4;16.0
8504070;8501300;4;51.0
8501062;8501057;31;3.0
8501057;8501063;31;5.0
8501063;8501064;31;2.0
8501064;8501065;31;3.0
8501065;8501058;31;2.0
8501058;8501056;31;2.0
8501056;8501066;31;3.0
8501066;8501067;50;2.0
8501067;8501068;50;4.0
8501068;8510670;50;1.0
8510670;8501069;50;1.0
8501069;8501053;50;1.0
8501053;8501059;50;1.62
8501059;8501030;50;4.0
8501030;8501059;50;1.0
8501059;8501053;50;1.0
8501053;8501069;50;1.0
8501069;8510670;50;2.62
8510670;8501068;50;1.38
8501068;8501067;50;4.0
8501067;8501066;50;2.0
8501066;8501056;31;1.0
8501056;8501058;31;3.0
8501058;8501065;31;3.0
8501065;8501064;31;1.0
8501064;8501063;31;4.0
8501063;8501057;31;4.0
8501057;8501062;31;4.0
8501060;8501061;19;5.0
8501061;8501055;19;2.0
8501055;8519077;19;3.0
8519077;8501062;19;4.0
8501062;8519077;18;2.0
8519077;8501055;18;3.0
8501055;8501061;18;2.0
8501061;8501060;18;6.0
8509073;8509072;33;3.09
8509072;8509071;21;5.14
8509071;8509070;21;4.76
8509070;8509068;5;12.6
8509068;8509067;21;3.0
8509067;8509065;8;8.0
8509065;8509064;20;5.65
8509064;8509063;7;4.14
8509063;8509062;7;2.0
8509062;8509061;7;2.0
8509061;8509060;7;4.29
8509060;8509059;33;3.88
8509059;8509058;20;1.95
8509058;8509057;20;4.0
8509057;8509002;34;3.24
8509002;8509060;27;10.0
8509060;8509064;14;9.0
8509064;8509065;22;5.59
8509065;8509067;9;8.0
8509067;8509068;21;3.62
8509068;8509069;20;6.0
8509069;8509070;20;6.95
8509070;8509071;22;4.64
8509071;8509072;22;5.91
8509072;8509073;34;3.53
8509002;8509057;33;2.0
8509057;8509058;20;4.4
8509058;8509059;20;2.0
8509059;8509060;33;3.97
8509060;8509062;13;4.0
8509062;8509064;13;6.0
8509060;8509002;26;10.0
8509060;8509061;7;3.0
8509061;8509062;7;2.0
8509062;8509063;7;2.14
8509063;8509064;7;4.14
8509068;8509070;2;12.0
8509067;8509064;13;14.0
8509064;8509062;14;5.93
8509062;8509060;14;5.0
8509068;8509065;12;11.0
8509064;8509060;13;9.92
8509065;8509068;13;11.0
8509064;8509067;12;13.0
8509070;8509069;16;6.0
8509069;8509068;16;8.5
8509251;8509252;36;3.0
8509252;8509253;36;4.17
8509000;8509181;30;5.9
8509181;8509183;17;3.88
8509183;8509189;15;18.13
8509189;8509192;17;15.06
8509192;8509193;2;7.0
8509193;8509194;2;4.0
8509194;8509195;2;6.0
8509195;8509197;17;12.06
8509197;8509198;16;17.0
8509198;8509250;3;9.33
8509250;8509251;29;3.0
8509251;8509250;27;2.0
8509250;8509197;1;26.0
8509197;8509195;16;12.12
8509195;8509194;3;5.0
8509194;8509193;3;4.0
8509193;8509192;3;7.0
8509192;8509189;16;15.81
8509189;8509188;23;3.04
8509188;8509187;23;2.0
8509187;8509186;23;3.96
8509186;8509185;23;5.26
8509185;8509184;50;1.36
8509184;8509183;37;4.95
8509183;8509182;41;1.61
8509182;8509181;41;2.17
8509181;8509180;37;2.11
8509180;8509000;2;4.5
8509253;8509252;33;3.0
8509252;8509251;33;3.97
8509250;8509199;2;5.0
8509199;8509198;9;6.0
8509198;8509197;15;16.93
8509189;8509186;1;8.0
8509186;8509184;1;7.0
8509184;8509000;1;14.0
8509000;8509183;15;9.87
8509192;8509195;15;15.0
8509198;8509199;8;5.0
8509199;8509251;6;7.0
8509189;8509185;13;11.0
8509184;8509181;13;8.0
8509181;8509000;29;6.93
8509181;8509184;13;7.08
8509184;8509185;49;1.69
8509185;8509189;13;13.0
8509250;8509198;1;10.0
8509195;8509192;13;14.0
8509189;8509183;13;19.0
8509183;8509000;13;12.0
8509198;8509251;5;12.0
8509251;8509199;7;6.0
8509251;8509198;5;12.0
8509199;8509250;2;5.0
8509183;8509181;16;3.94
8509000;8509050;38;2.0
8509050;8509180;36;3.0
8509180;8509181;36;2.58
8509181;8509182;38;2.0
8509182;8509183;37;2.51
8509183;8509184;35;4.57
8509185;8509186;22;5.14
8509186;8509187;22;3.41
8509187;8509188;22;2.73
8509188;8509189;22;3.91
8509268;8509267;18;2.06
8509267;8509266;18;6.94
8509266;8509265;32;4.0
8509265;8509264;32;4.53
8509264;8509269;31;1.97
8509269;8509068;17;21.12
8509068;8509269;17;19.76
8509269;8509264;32;1.44
8509264;8509265;32;4.0
8509265;8509266;32;4.03
8509266;8509267;18;5.94
8509267;8509268;18;4.78
8509266;8509268;14;9.0
8509268;8509266;14;8.0
8509250;8509256;23;4.87
8509256;8509257;23;2.13
8509257;8509258;23;3.04
8509258;8509259;33;3.33
8509259;8509260;19;5.0
8509260;8509262;19;11.95
8509262;8509263;20;6.95
8509263;8509068;2;19.0
8509259;8509258;34;3.32
8509258;8509257;23;2.78
8509257;8509256;23;2.3
8509256;8509250;23;4.96
8509259;8509262;12;15.25
8509068;8509263;3;18.0
8509263;8509262;21;7.38
8509262;8509259;13;14.0
8509262;8509068;11;25.0
8509068;8509262;11;26.0
8509258;8509251;10;9.0
8509251;8509258;10;9.0
8509157;8509156;18;9.17
8509156;8509155;18;5.89
8509155;8509154;18;7.17
8509154;8509153;18;3.89
8509153;8509152;18;7.94
8509152;8509150;18;15.39
8509150;8509000;18;6.28
8509000;8509150;18;2.0
8509150;8509152;18;16.5
8509152;8509153;18;8.72
8509153;8509154;18;3.89
8509154;8509155;18;7.89
8509155;8509156;18;5.94
8509156;8509157;18;11.06
8509002;8509056;33;2.0
8509056;8509055;33;2.0
8509055;8509054;33;2.06
8509054;8509053;33;3.0
8509053;8509006;18;5.11
8509006;8509000;33;2.97
8509180;8509050;35;3.0
8509050;8509000;39;2.92
8509000;8509006;31;2.0
8509006;8509053;14;5.0
8509053;8509054;31;2.0
8509054;8509055;31;2.06
8509055;8509056;31;2.0
8509056;8509002;31;3.97
8509006;8509051;17;2.0
8509051;8509053;17;4.94
8509057;8509059;13;6.0
8509053;8509051;15;4.0
8509051;8509006;15;2.0
8509059;8509057;13;5.0
8509182;8509184;1;6.0
8509050;8509181;2;4.5
8509253;8509350;15;3.0
8509350;8509351;15;2.93
8509351;8509255;15;3.0
8509255;8509352;14;3.0
8509352;8509353;14;6.43
8509353;8509354;14;6.93
8509354;8519370;14;2.43
8519370;8509373;14;2.14
8509373;8509356;14;7.36
8509356;8509357;14;10.0
8509357;8509358;14;14.79
8509358;8509361;4;24.0
8509361;8509364;7;6.57
8509364;8509365;14;5.07
8509365;8509366;14;8.14
8509366;8509368;6;8.0
8509368;8509369;14;8.57
8509369;8509368;13;7.46
8509368;8509366;5;8.0
8509366;8509365;13;7.46
8509365;8509364;13;4.92
8509364;8509363;13;5.0
8509363;8509361;13;4.0
8509361;8509358;3;21.0
8509358;8509357;13;13.38
8509357;8509356;13;7.0
8509356;8509373;13;9.15
8509373;8519370;13;2.0
8519370;8509354;13;2.62
8509354;8509353;13;7.46
8509353;8509352;13;5.62
8509352;8509255;13;4.69
8509255;8509351;12;2.0
8509351;8509350;12;3.0
8509350;8509253;12;5.0
8509183;8509171;1;25.0
8509171;8509170;19;3.0
8509170;8509169;19;5.0
8509169;8509168;19;5.0
8509168;8509167;19;4.95
8509167;8509183;19;6.05
8509181;8509050;4;5.0
8509183;8509168;1;10.0
8509168;8509169;19;4.95
8509169;8509170;19;5.0
8509170;8509171;22;2.27
8509179;8509178;17;7.06
8509178;8509177;17;3.94
8509177;8509176;17;4.0
8509176;8509175;17;6.0
8509175;8509174;17;4.0
8509174;8509173;17;3.0
8509173;8509171;17;6.0
8509183;8509167;18;5.83
8509167;8509168;18;5.22
8509171;8509173;17;5.0
8509173;8509174;17;3.0
8509174;8509175;17;4.88
8509175;8509176;17;6.06
8509176;8509177;17;3.06
8509177;8509178;17;3.82
8509178;8509179;17;9.82
8509171;8509183;3;22.0
8509171;8509168;1;11.0
8509168;8509000;1;17.0
8509000;8509182;3;8.0
8509182;8509167;3;7.0
8509167;8509170;3;13.0
8509171;8509000;1;30.0
8509000;8509171;1;34.0
8509072;8509068;12;21.0
8509068;8509072;12;21.0
8509251;8509254;18;2.89
8509254;8509255;18;5.06
8509264;8509263;1;4.0
8509262;8509260;19;11.21
8509260;8509259;19;4.89
8509263;8509269;18;3.0
8509269;8509263;17;3.65
8509255;8509254;18;2.0
8509254;8509251;18;5.0
8509060;8509057;1;8.0
8509002;8509064;1;19.0
8509064;8509068;1;14.0
8509258;8509250;1;8.0
8509361;8509363;8;2.12
8509363;8509364;8;4.12
8509366;8509367;8;5.75
8509367;8509368;8;4.12
8509358;8509359;8;12.25
8509359;8509361;7;16.0
8509361;8509359;7;12.29
8509359;8509358;8;11.12
8509368;8509367;8;3.0
8509367;8509366;8;5.88
8509073;8509075;17;4.0
8509075;8509076;17;4.0
8509076;8509075;17;4.0
8509075;8509073;17;4.88
8509076;8509077;15;5.0
8509077;8509078;15;6.0
8509078;8509195;15;6.0
8509195;8509078;15;5.0
8509078;8509077;15;6.0
8509077;8509076;15;5.0
8509179;8509000;2;74.0
8509000;8509195;1;67.0
8509195;8509251;1;47.0
8509251;8509253;2;7.0
8509000;8509192;1;54.0
8509192;8509251;1;60.0
8509253;8509251;2;6.0
8509251;8509195;1;39.0
8509195;8509000;1;76.0
8509000;8509179;2;78.0
8509251;8509192;1;72.0
8509192;8509000;1;55.0
8509000;8509189;1;33.0
8509197;8509255;1;34.0
8509255;8519370;1;17.0
8519370;8509357;1;19.0
8509357;8509361;1;46.0
8509364;8509369;1;28.0
8509369;8509364;1;30.0
8509364;8509361;1;11.0
8508151;8508152;37;2.0
8508152;8508193;37;1.0
8508193;8508153;37;2.0
8508153;8508154;37;1.0
8508154;8508155;37;2.95
8508155;8508154;37;3.0
8508154;8508153;37;3.0
8508153;8508193;37;1.0
8508193;8508152;37;1.0
8508152;8508151;37;1.0
8508155;8508157;35;3.0
8508157;8508158;35;1.0
8508158;8508159;35;1.0
8508159;8500211;35;2.0
8500211;8518690;73;1.0
8518690;8500212;73;3.0
8500212;8518690;73;1.0
8518690;8500211;73;1.0
8500211;8508159;35;1.0
8508159;8508158;35;1.0
8508158;8508157;35;1.0
8508157;8508155;35;3.0
8500211;8500289;38;1.0
8500289;8500288;38;2.0
8500288;8500287;38;2.0
8500287;8500286;37;3.0
8500286;8500285;37;2.0
8500285;8500283;37;2.0
8500283;8500275;37;1.0
8500275;8500274;37;3.0
8500274;8500273;37;1.0
8500273;8500272;37;1.0
8500272;8500280;37;1.0
8500280;8500207;37;4.0
8500287;8500288;38;1.0
8500288;8500289;38;1.0
8500289;8500211;38;4.0
8500207;8500280;37;1.0
8500280;8500272;37;2.0
8500272;8500273;37;1.0
8500273;8500274;37;1.0
8500274;8500275;37;1.0
8500275;8500283;37;1.0
8500283;8500285;37;3.0
8500285;8500286;37;2.0
8500286;8500287;37;3.0
8500207;8508068;64;3.0
8508068;8508066;64;4.0
8508066;8508064;64;4.0
8508064;8508063;38;2.0
8508063;8508062;38;2.0
8508062;8508061;38;2.0
8508061;8508060;38;2.0
8508060;8508059;38;4.03
8508059;8507000;63;13.0
8508064;8508061;36;4.0
8508061;8508059;37;6.95
8507000;8508059;62;13.0
8508059;8508064;26;10.0
8508064;8508066;64;4.0
8508066;8508068;64;4.0
8508068;8500207;64;4.0
8508064;8508059;26;11.0
8508059;8508061;35;4.0
8508061;8508064;35;6.0
8508059;8508060;39;4.0
8508060;8508061;39;2.0
8508061;8508062;39;1.0
8508062;8508063;39;2.0
8508063;8508064;39;3.08
8508059;8504410;1;7.0
8504410;8508070;75;1.0
8508070;8508054;75;3.0
8508054;8507000;178;4.84
8507063;8589198;69;1.0
8589198;8507064;69;1.0
8507064;8507065;69;2.0
8507065;8507066;69;3.0
8507066;8507067;69;2.0
8507067;8507068;69;3.0
8507068;8507069;102;2.0
8507069;8507096;102;2.0
8507096;8508054;102;3.0
8507000;8508054;177;4.0
8508054;8507096;105;3.0
8507096;8507069;105;1.0
8507069;8507068;105;3.0
8507068;8507067;69;2.0
8507067;8507066;69;2.0
8507066;8507065;69;3.0
8507065;8507064;69;1.0
8507064;8589198;69;2.0
8589198;8507063;69;3.0
8507063;8507068;2;11.0
8507068;8507063;2;11.0
8508054;8508070;73;3.0
8508070;8504410;73;1.0
8504410;8508056;73;3.0
8508056;8508071;73;1.0
8508071;8508057;73;1.0
8508057;8508058;73;2.0
8508058;8508059;73;4.0
8508059;8508058;74;2.0
8508058;8508057;74;2.0
8508057;8508071;74;1.0
8508071;8508056;74;1.0
8508056;8504410;74;3.0
8508054;8508052;63;2.0
8508052;8508051;63;1.0
8508051;8507000;63;4.0
8508055;8508053;63;2.0
8508053;8508054;63;2.0
8508054;8508053;62;1.0
8508053;8508055;62;3.0
8507000;8508051;61;2.0
8508051;8508052;61;1.0
8508052;8508054;61;3.0
8501689;8501688;85;12.19
8501688;8501689;85;12.88
8501605;8501683;31;10.26
8501683;8501684;31;7.0
8501684;8501685;31;9.03
8501685;8501686;31;9.0
8501686;8501687;31;8.06
8501687;8501688;26;5.0
8501687;8518885;5;3.0
8518885;8501688;5;2.0
8501688;8501687;29;5.0
8501687;8501686;32;8.0
8501686;8501685;32;11.75
8501685;8501684;32;10.0
8501684;8501683;32;8.0
8501683;8501605;32;10.0
8501688;8518885;3;1.0
8518885;8501687;3;4.0
8502113;8519685;69;1.0
8519685;8502123;69;1.0
8502123;8502103;69;3.0
8502103;8502189;69;2.0
8502189;8502160;69;2.0
8502160;8502184;69;1.0
8502184;8502174;69;1.0
8502174;8502161;69;3.0
8502161;8516450;69;2.0
8516450;8502162;69;1.0
8502162;8502163;69;2.0
8502163;8502164;69;5.0
8502164;8502165;69;2.0
8502165;8502166;69;2.0
8502166;8502167;69;4.0
8502167;8502176;69;0.0
8502176;8502168;69;1.0
8502168;8502169;69;3.0
8502169;8502168;68;1.0
8502168;8502176;68;1.0
8502176;8502167;68;2.0
8502167;8502166;68;2.0
8502166;8502165;68;2.0
8502165;8502164;68;2.0
8502164;8502163;68;4.0
8502163;8502162;68;1.0
8502162;8516450;68;3.0
8516450;8502161;68;2.0
8502161;8502174;68;2.0
8502174;8502184;68;1.0
8502184;8502160;68;3.0
8502160;8502189;68;1.0
8502189;8502103;68;3.0
8502103;8502123;68;2.0
8502123;8519685;68;0.0
8519685;8502113;68;4.0
8502199;8502177;68;1.0
8502177;8502197;68;2.0
8502197;8502178;68;1.0
8502178;8502179;68;1.0
8502179;8502195;68;3.0
8502195;8502180;68;1.0
8502180;8502194;68;3.97
8502194;8502181;68;1.0
8502181;8502182;68;1.0
8502182;8502196;68;1.0
8502196;8502192;68;2.0
8502192;8502191;68;1.0
8502191;8502113;68;3.0
8502113;8502191;68;1.0
8502191;8502192;68;2.0
8502192;8502196;68;1.99
8502196;8502182;68;1.0
8502182;8502181;68;2.0
8502181;8502194;68;2.0
8502194;8502180;68;1.88
8502180;8502195;68;2.44
8502195;8502179;68;1.0
8502179;8502178;68;2.0
8502178;8502197;68;2.0
8502197;8502177;68;1.0
8502177;8502199;68;2.0
8504200;8530263;5;1.0
8530263;8504291;5;1.0
8504291;8504292;5;2.0
8504292;8504293;5;3.0
8504293;8504294;5;5.0
8504294;8504295;32;4.0
8504295;8504296;32;4.0
8504296;8504298;32;15.0
8504298;8504296;32;13.0
8504296;8504295;32;5.0
8504295;8504294;32;4.0
8504294;8504200;28;12.0
8504200;8504294;27;10.0
8504294;8504293;4;4.0
8504293;8504292;4;3.0
8504292;8504291;4;1.0
8504291;8530263;4;2.0
8530263;8504200;4;4.0
8505307;8505300;12;23.25
8505300;8505213;33;15.03
8505213;8505004;25;54.64
8505004;8502204;35;15.0
8502204;8503000;52;23.92
8503424;8503000;17;36.0
8503000;8502204;50;23.48
8502204;8505004;32;15.44
8505004;8505213;22;53.59
8505213;8505300;31;14.0
8505300;8505307;12;25.17
8503000;8503424;14;36.0
8503000;8509411;33;54.73
8509411;8509002;24;8.0
8509002;8509000;99;9.15
8503000;8502119;39;19.03
8502119;8502113;94;6.77
8502113;8500026;20;18.0
8500026;8500023;36;6.0
8500023;8500010;56;11.41
8505000;8502021;107;5.04
8502021;8502028;84;2.0
8502028;8502012;43;2.02
8502012;8502020;44;3.0
8502020;8502009;63;4.02
8502009;8502008;44;3.11
8502008;8502011;44;2.98
8502011;8502007;44;3.02
8502007;8502006;21;4.0
8502006;8502005;43;3.93
8502005;8502004;43;2.98
8502004;8502003;43;2.56
8502003;8502002;24;2.04
8502002;8502001;24;3.0
8502001;8502000;45;4.31
8502000;8500218;79;4.33
8502007;8502008;3;3.33
8502008;8502009;44;4.45
8502009;8502012;3;6.0
8502012;8502028;44;3.0
8502028;8502021;83;2.0
8502021;8505000;105;7.5
8500218;8502000;75;3.57
8502000;8502001;42;4.43
8502001;8502002;25;2.96
8502002;8502003;25;2.88
8502003;8502004;44;2.98
8502004;8502005;44;3.43
8502005;8502007;2;7.0
8503000;8507000;33;56.15
8503000;8516161;1;55.0
8516161;8507000;189;5.21
8507000;8503000;32;56.72
8501609;8501506;3;29.0
8501506;8501300;3;36.0
8501300;8501120;3;21.0
8501120;8501008;5;38.6
8501008;8501120;6;38.67
8501120;8501300;4;19.0
8501300;8501506;4;36.0
8501506;8501609;4;29.0
8504134;8504133;31;3.0
8504133;8504132;31;6.0
8504132;8504131;38;4.0
8504131;8504130;38;4.0
8504130;8504200;38;8.0
8504134;8504135;37;2.0
8504135;8504136;37;3.0
8504136;8504137;37;4.0
8504137;8504138;37;5.0
8504138;8504139;37;4.0
8504139;8504181;37;2.54
8504181;8504100;76;5.51
8504100;8504181;76;4.0
8504181;8504139;37;2.0
8504139;8504138;37;6.0
8504138;8504137;37;4.0
8504137;8504136;37;4.0
8504136;8504135;37;3.0
8504135;8504134;37;3.0
8504200;8504130;38;6.0
8504130;8504131;38;4.0
8504131;8504132;38;5.0
8504132;8504133;30;5.0
8504133;8504134;30;5.0
8507000;8516161;186;3.01
8516161;8503000;1;57.0
8501104;8501103;41;4.49
8501103;8501104;41;4.37
8505307;8505305;33;7.03
8505305;8505300;3;17.67
8509404;8509411;44;9.59
8509411;8503000;34;55.65
8509411;8509404;44;9.61
8502204;8503202;1;17.0
8503202;8503000;40;10.12
8504300;8504221;37;19.0
8504221;8504200;43;19.56
8504200;8501118;37;19.0
8501118;8501120;134;5.54
8500218;8500212;11;11.09
8500212;8500207;11;10.09
8500207;8500202;19;7.0
8500202;8504300;19;9.0
8504300;8500202;23;8.91
8500202;8500207;23;7.83
8500207;8500212;14;11.0
8500212;8500218;14;12.0
8500218;8503000;23;31.0
8503000;8503016;65;9.0
8503016;8506000;103;13.28
8506000;8506302;30;32.73
8503000;8500218;22;30.14
8506302;8506000;31;32.71
8506000;8503016;104;12.64
8503016;8503000;67;9.54
8501120;8501118;134;5.46
8501118;8504200;37;19.16
8504200;8504221;43;20.28
8504221;8504300;37;20.03
8500218;8500207;24;17.58
8500207;8500218;24;17.58
8504300;8500159;37;9.38
8500159;8500105;37;7.51
8500105;8500109;37;10.0
8500109;8500105;36;9.0
8500105;8500159;36;7.5
8500159;8504300;36;10.53
8500109;8500113;40;12.18
8500113;8500010;18;20.17
8500010;8500113;18;18.0
8500113;8500109;40;14.88
8501026;8501008;69;6.94
8501008;8501030;38;13.84
8501030;8501031;45;4.07
8501031;8501037;7;14.14
8501037;8504200;6;27.0
8504200;8501037;6;25.0
8501037;8501031;5;12.8
8501031;8501030;44;3.91
8501030;8501008;34;15.12
8501008;8501026;71;6.82
8501506;8501500;38;13.87
8501500;8501403;38;9.87
8501403;8501402;46;4.46
8501402;8501400;76;5.84
8501400;8501300;35;10.06
8501300;8501200;65;5.51
8501200;8501120;70;15.53
8501120;8501037;26;10.54
8501037;8501030;28;15.18
8500322;8500320;16;7.06
8500320;8500303;34;3.03
8500303;8500302;34;4.03
8500302;8500301;38;2.18
8500301;8500313;34;2.0
8500313;8500300;34;3.0
8500300;8517131;34;1.03
8517131;8500021;34;3.0
8500021;8500020;86;3.0
8500020;8500010;88;7.18
8500218;8500027;17;9.94
8500027;8500026;57;3.28
8500026;8500025;43;2.0
8500025;8500023;2;5.0
8500023;8500022;43;3.0
8500022;8500021;43;3.98
8500025;8500024;41;2.02
8500024;8500023;41;3.54
8501120;8501200;72;14.07
8501200;8501300;70;5.14
8501300;8501303;53;4.06
8501303;8501400;52;6.04
8501400;8501402;75;6.0
8501402;8501403;46;4.17
8501403;8501500;37;10.03
8501500;8501506;40;13.85
8501506;8501509;38;9.95
8501509;8501601;23;6.96
8501601;8501605;23;11.13
8501605;8501609;102;8.37
8500119;8500118;44;3.0
8500118;8500117;44;2.09
8500117;8500116;41;2.0
8500116;8500115;41;3.0
8500115;8500114;44;5.09
8500114;8500113;44;3.11
8500113;8500114;43;3.0
8500114;8500115;43;5.91
8500115;8500116;42;2.02
8500116;8500117;42;3.0
8500117;8500118;43;2.93
8500118;8500119;43;3.02
8500119;8500136;43;3.0
8500136;8500010;43;4.14
8500115;8500117;1;4.0
8501609;8501605;97;6.79
8501605;8501601;20;10.2
8501601;8501509;20;7.05
8501509;8501506;35;9.6
8501500;8501400;15;17.0
8500010;8500020;86;5.0
8500020;8500021;86;3.93
8500021;8500300;4;4.0
8500300;8500313;37;3.0
8500313;8500301;37;2.05
8500301;8500302;37;2.14
8500302;8500320;4;7.0
8500320;8500302;3;6.33
8500301;8500300;2;4.0
8500300;8500021;2;3.0
8501030;8501037;30;15.43
8501037;8501120;26;11.35
8501300;8501400;39;11.08
8501400;8501500;18;17.28
8500021;8500022;41;3.02
8500022;8500023;41;3.0
8500023;8500025;1;4.0
8500025;8500026;41;2.98
8500026;8500027;57;3.28
8500027;8500218;17;11.12
8500010;8500136;43;2.98
8500136;8500119;43;3.0
8500117;8500115;3;4.0
8500037;8500035;17;5.06
8500035;8500034;18;2.0
8500034;8500033;18;2.06
8500033;8500032;18;2.0
8500032;8500031;18;2.0
8500031;8500026;18;5.0
8501118;8501037;47;7.34
8500021;8517131;33;2.0
8517131;8500300;33;2.0
8500302;8500303;33;4.03
8500303;8500320;33;3.03
8500320;8500304;18;3.0
8500304;8500305;18;4.0
8500305;8500304;19;3.0
8500304;8500320;19;3.05
8500309;8500305;32;15.47
8501400;8501200;3;14.0
8501037;8501118;47;6.87
8500320;8500322;16;7.06
8500010;8500218;33;25.97
8500218;8505000;19;35.0
8505000;8505004;18;27.0
8500109;8500120;41;3.0
8500120;8500121;41;2.02
8500121;8500122;41;3.95
8500122;8500123;41;3.0
8500123;8500124;41;5.0
8500124;8500125;41;5.02
8500125;8500126;41;5.95
8500023;8500024;40;3.0
8500024;8500025;40;2.0
8500027;8500028;40;3.0
8500028;8500218;40;8.1
8500218;8500028;40;6.97
8500028;8500027;40;3.52
8500126;8500125;40;4.5
8500125;8500124;40;5.0
8500124;8500123;40;5.0
8500123;8500122;40;3.98
8500122;8500121;40;3.48
8500121;8500120;40;2.0
8500120;8500109;40;4.0
8501403;8501400;19;9.11
8501104;8501100;14;11.0
8501100;8501151;14;2.0
8501151;8501152;14;2.0
8501152;8501153;14;4.0
8501153;8501154;14;3.0
8501154;8501155;14;2.0
8501155;8501156;14;2.0
8501156;8501157;14;2.0
8501157;8530783;14;3.0
8530783;8501159;14;4.0
8501159;8530783;15;4.0
8530783;8501157;15;2.0
8501157;8501156;15;2.0
8501156;8501155;15;2.0
8501155;8501154;15;2.0
8501154;8501153;15;4.0
8501153;8501152;15;3.0
8501152;8501151;15;1.0
8501151;8501100;15;1.0
8501100;8501104;15;13.0
8505004;8505000;18;26.0
8505000;8500218;20;34.0
8500218;8500010;31;26.0
8500218;8500037;16;4.0
8500026;8500031;17;3.0
8500031;8500032;17;2.0
8500032;8500033;17;2.0
8500033;8500034;17;2.0
8500034;8500035;17;3.0
8500035;8500037;16;4.0
8500037;8500218;16;6.0
8506000;8503305;73;7.0
8503305;8503307;78;4.46
8503307;8503016;46;5.13
8503000;8503015;40;3.0
8503015;8503006;40;4.0
8503006;8503016;168;5.07
8503016;8503307;44;4.3
8503307;8503305;76;5.53
8503305;8506000;70;7.43
8503424;8503423;93;3.0
8503423;8506049;1;3.0
8506049;8506048;39;5.0
8506048;8506047;39;5.51
8506047;8506000;17;12.06
8501118;8501008;23;32.26
8501400;8501403;19;9.05
8506000;8506047;17;11.0
8506047;8506048;39;5.97
8506048;8506049;39;5.0
8506049;8503423;1;3.0
8503423;8503424;95;4.13
8501008;8501118;24;32.42
8501509;8501605;16;15.38
8506105;8506104;39;3.0
8506104;8506103;39;3.0
8506103;8506102;39;4.0
8506102;8506101;39;2.0
8506101;8506100;39;4.0
8506100;8506019;39;3.0
8506019;8506018;39;4.0
8506018;8506017;39;2.0
8506017;8506016;39;3.0
8506016;8506000;95;4.95
8503016;8503006;165;4.22
8503006;8503015;40;2.0
8503015;8503000;40;5.03
8501605;8501509;15;15.33
8504317;8504316;7;3.14
8504316;8504315;45;3.16
8504315;8504321;45;2.58
8504321;8504314;45;3.0
8504314;8504316;1;7.0
8504314;8504315;1;4.0
8504315;8504316;44;4.0
8504316;8504317;6;4.0
8504314;8504321;43;1.56
8504321;8504315;43;3.0
8504221;8504215;3;22.0
8504215;8504221;3;25.0
8500126;8500141;21;3.0
8500141;8500127;21;2.9
8500127;8500144;21;3.05
8500144;8500128;21;2.95
8500128;8500144;20;2.95
8500144;8500127;20;4.0
8500127;8500141;20;2.95
8500141;8500126;20;4.05
8503225;8503224;13;2.38
8503224;8503223;13;3.62
8503223;8503222;13;3.0
8503222;8503221;13;3.46
8503221;8503220;52;3.0
8503220;8503211;37;2.97
8503211;8503209;37;4.03
8503209;8503207;36;4.0
8503207;8503206;75;4.45
8503206;8503204;35;5.0
8503204;8503202;35;4.0
8503202;8503010;37;6.03
8503010;8503011;111;1.0
8503011;8503000;111;4.66
8503000;8503006;218;4.83
8503006;8503000;212;5.5
8503000;8503011;114;2.34
8503011;8503010;114;3.32
8503010;8503202;36;6.0
8503202;8503204;36;4.0
8503204;8503206;36;6.0
8503206;8503207;75;3.0
8503207;8503209;36;6.0
8503209;8503211;40;3.0
8503211;8503220;40;2.95
8503220;8503221;56;4.04
8503221;8503225;60;9.75
8503225;8503221;64;9.0
8503221;8503222;18;2.11
8503222;8503223;18;3.0
8503223;8503225;6;7.33
8503223;8503224;12;3.5
8503224;8503225;13;4.69
8503305;8503303;48;4.0
8503303;8503302;48;5.0
8503302;8503301;48;4.19
8503301;8503300;39;4.0
8503300;8503123;39;3.0
8503130;8503123;39;5.0
8503123;8503300;38;2.0
8503300;8503301;38;4.0
8503301;8503302;49;3.0
8503302;8503303;49;3.0
8503303;8503305;49;6.0
8503305;8503306;107;4.0
8503306;8503147;39;4.0
8503147;8503003;151;4.5
8503003;8503000;349;2.79
8503000;8503020;354;2.14
8503000;8503003;346;2.45
8503003;8503147;152;4.51
8503147;8503306;38;3.0
8503306;8503305;107;5.28
8503020;8503006;203;5.0
8503006;8503310;82;2.0
8503310;8503312;7;5.0
8503312;8503400;7;6.0
8503020;8503000;354;3.51
8503400;8503312;7;5.0
8503312;8503310;7;5.0
8503310;8503006;83;2.92
8503006;8503020;206;3.63
8501008;8501023;41;9.68
8501023;8501030;42;5.33
8501031;8501033;40;5.0
8501033;8501035;39;4.87
8501035;8501037;39;5.95
8501037;8501035;41;6.73
8501035;8501033;41;4.05
8501033;8501031;41;4.78
8501030;8501023;42;5.26
8501023;8501022;1;4.0
8501022;8501008;1;7.0
8501023;8501008;41;9.76
8501008;8516155;108;5.13
8516155;8517142;108;2.71
8517142;8516272;108;3.29
8516272;8516273;108;2.71
8516273;8516274;108;3.29
8516274;8516273;111;3.12
8516273;8516272;111;1.88
8516272;8517142;111;3.71
8517142;8516155;111;2.0
8516155;8501008;111;5.7
8501400;8501303;52;6.31
8501303;8501300;52;4.06
8503003;8503125;74;11.0
8503125;8503123;74;6.0
8503123;8503122;75;4.99
8503122;8503121;75;3.0
8503121;8503120;75;4.0
8503120;8503110;75;3.0
8503110;8503209;54;5.24
8503020;8503001;117;3.66
8503001;8502220;70;4.0
8502220;8502229;70;2.0
8502229;8502221;70;4.0
8502221;8502222;70;4.46
8502222;8502223;70;4.54
8502223;8502224;70;3.46
8502224;8502225;39;3.0
8502225;8502226;39;4.0
8502226;8502227;39;3.0
8502227;8518459;39;1.0
8518459;8502204;39;5.0
8502204;8518459;38;3.0
8518459;8502227;38;2.0
8502227;8502226;38;4.0
8502226;8502225;38;3.0
8502225;8502224;38;4.0
8502224;8502223;70;3.0
8502223;8502222;70;4.0
8502222;8502221;70;6.0
8502221;8502229;70;3.0
8502229;8502220;70;2.0
8502220;8503001;70;5.0
8503001;8503020;115;2.0
8503110;8503120;77;2.0
8503120;8503121;77;5.0
8503121;8503122;77;3.0
8503122;8503123;77;5.0
8503123;8503125;75;5.0
8503125;8503003;75;11.0
8503209;8503110;55;6.31
8503526;8503008;43;3.0
8503008;8503007;39;2.97
8503007;8503006;39;3.03
8503003;8503004;77;3.0
8503504;8503505;104;2.63
8503505;8503529;38;3.97
8503529;8503528;38;3.97
8503528;8503525;38;1.03
8503525;8503527;38;3.0
8503527;8503526;38;3.0
8503004;8503100;75;2.0
8503100;8503141;75;2.0
8503141;8503101;75;2.07
8503101;8503102;70;2.0
8503102;8503111;70;2.0
8503111;8503103;70;3.0
8503103;8503104;39;3.13
8503104;8503105;71;3.45
8503101;8503141;72;1.0
8503141;8503100;72;2.0
8503100;8503004;72;3.0
8503004;8503003;77;3.99
8503006;8503007;37;3.0
8503007;8503008;37;3.0
8503008;8503526;42;3.12
8503526;8503527;37;3.0
8503527;8503525;37;3.0
8503525;8503528;37;2.0
8503528;8503529;37;3.0
8503529;8503505;37;4.0
8503505;8503504;101;3.18
8503105;8503104;72;3.03
8503104;8503103;40;3.0
8503103;8503111;71;2.0
8503111;8503102;71;2.0
8503102;8503101;71;3.0
8503101;8503004;4;3.0
8503006;8503340;38;3.0
8503340;8503309;33;2.0
8503309;8503308;33;3.0
8503308;8503307;33;3.0
8503307;8503308;33;4.0
8503308;8503309;33;1.0
8503309;8503340;33;2.0
8503340;8503006;38;3.0
8503003;8503104;37;13.0
8503105;8503106;39;1.97
8503106;8503107;41;4.0
8503107;8503108;41;2.05
8503108;8503109;39;3.05
8503109;8503112;39;2.0
8503112;8503110;39;4.03
8503110;8503112;40;2.95
8503112;8503109;40;3.05
8503109;8503108;40;2.95
8503108;8503107;44;3.05
8503107;8503106;44;3.0
8503106;8503105;40;2.0
8503104;8503003;37;11.0
8503305;8503304;39;3.0
8503304;8506000;39;5.0
8503340;8503016;5;2.0
8506000;8503304;39;4.0
8503304;8503305;39;4.0
8503016;8503340;5;2.0
8503006;8503129;108;3.0
8503129;8503306;69;2.0
8503010;8503009;78;2.0
8503009;8503200;78;3.99
8503200;8503201;78;2.01
8503201;8503202;78;2.99
8503202;8503203;39;2.0
8503203;8503204;39;3.0
8503204;8503205;39;3.0
8503205;8503206;39;4.0
8503207;8503208;39;2.0
8503208;8503210;39;3.0
8503210;8503209;39;4.0
8503209;8503210;39;2.03
8503210;8503208;39;2.97
8503208;8503207;39;2.0
8503206;8503205;39;3.0
8503205;8503204;39;3.03
8503204;8503203;39;2.0
8503203;8503202;39;3.0
8503202;8503201;76;1.99
8503201;8503200;76;2.01
8503200;8503009;76;3.99
8503009;8503010;76;3.0
8503306;8503129;68;3.0
8503129;8503006;107;3.27
8503310;8503311;75;3.0
8503311;8503312;75;3.0
8503312;8503313;38;2.0
8503313;8503400;38;5.0
8503400;8503401;39;3.0
8503401;8503402;39;3.97
8503402;8503403;39;2.95
8503403;8503404;39;3.0
8503404;8503420;29;2.97
8503420;8503421;29;4.0
8503421;8518924;40;3.98
8518924;8503423;40;2.73
8503400;8503313;39;4.0
8503313;8503312;39;3.0
8503312;8503311;76;3.0
8503311;8503310;76;3.0
8503147;8503128;39;3.0
8503128;8503127;78;3.0
8503127;8503126;78;2.0
8503126;8503125;78;4.99
8503423;8518924;38;1.0
8518924;8503421;38;5.26
8503421;8503420;28;4.0
8503420;8503404;28;4.0
8503404;8503403;38;3.0
8503403;8503402;38;2.0
8503402;8503401;38;2.0
8503401;8503400;38;5.0
8503125;8503126;77;3.0
8503126;8503127;77;3.0
8503127;8503128;77;3.0
8503128;8503147;38;4.0
8505004;8505112;1;17.0
8505112;8505213;1;37.0
8506314;8506302;9;18.0
8506121;8506109;74;5.24
8506109;8506217;2;7.0
8506217;8506105;2;5.0
8506105;8506100;39;10.95
8506100;8506000;39;11.1
8506000;8503003;5;17.0
8502215;8502214;52;3.0
8502214;8502213;52;4.4
8502213;8502212;70;3.01
8502212;8502211;63;2.81
8502211;8502105;24;3.29
8502105;8503508;7;11.29
8503508;8503001;54;5.44
8503001;8503000;111;5.32
8501037;8501008;1;29.0
8503000;8503001;105;5.0
8503001;8503508;52;5.54
8503508;8502105;6;11.0
8502105;8502211;24;2.29
8502211;8502212;62;3.02
8502212;8502213;69;3.39
8502213;8502214;52;4.02
8502214;8502215;52;3.77
8503508;8503506;79;3.0
8503506;8516219;40;4.95
8516219;8502106;40;3.0
8502106;8502105;40;2.98
8503003;8506000;4;22.0
8506000;8506100;40;11.0
8506100;8506105;40;11.95
8506105;8506217;3;5.67
8506217;8506109;3;6.67
8506109;8506121;76;5.99
8503125;8503124;40;3.02
8503124;8503123;40;3.98
8506302;8506314;7;17.0
8503001;8503509;78;3.0
8503509;8503512;78;3.0
8503512;8503508;78;3.0
8502105;8502119;56;3.95
8506000;8506016;97;3.99
8506016;8506038;58;2.0
8506038;8506036;58;2.0
8506036;8506020;58;3.0
8506000;8506001;96;3.57
8506001;8506002;57;2.32
8506002;8506003;56;3.0
8506003;8506004;48;2.0
8506004;8506005;48;3.0
8506005;8506006;48;2.19
8506006;8506007;48;4.0
8506007;8506008;48;2.19
8506020;8506036;57;1.33
8506036;8506038;57;2.67
8506038;8506016;57;3.0
8506000;8503147;74;11.0
8502113;8502114;60;3.98
8502114;8502119;23;4.04
8502119;8502105;55;3.69
8502105;8502106;38;2.0
8502106;8516219;38;3.0
8516219;8503506;38;5.0
8503506;8503508;78;4.97
8503508;8503512;79;1.97
8503512;8503509;79;2.01
8503509;8503001;79;3.99
8503147;8506000;75;12.0
8506008;8506007;50;2.0
8506007;8506006;50;2.0
8506006;8506005;50;4.0
8506005;8506004;50;3.0
8506004;8506003;50;2.0
8506003;8506002;58;4.62
8506002;8506001;58;2.0
8506001;8506000;97;4.81
8502113;8502119;94;6.78
8502119;8502114;22;3.95
8502114;8502113;59;4.98
8503506;8503511;39;2.0
8503511;8503505;39;3.0
8503504;8503503;122;4.66
8503503;8500309;115;4.98
8506001;8516218;40;2.02
8516218;8506015;40;3.0
8506015;8506035;40;2.0
8506035;8506014;40;4.0
8506014;8506013;40;3.0
8506013;8506012;40;3.0
8506012;8506011;40;3.0
8506011;8506010;40;3.0
8506010;8506206;40;5.0
8500309;8503503;114;3.99
8503503;8503504;123;5.15
8503505;8503511;40;1.98
8503511;8503506;40;2.05
8506000;8506045;32;5.5
8506045;8506046;32;2.0
8506046;8506047;32;4.5
8506049;8506039;38;1.0
8506039;8503423;38;3.47
8506000;8503306;1;9.0
8506206;8506010;39;3.0
8506010;8506011;39;4.0
8506011;8506012;39;3.0
8506012;8506013;39;3.0
8506013;8506014;39;3.0
8506014;8506035;39;3.0
8506035;8506015;39;2.0
8506015;8516218;39;2.0
8516218;8506001;39;3.0
8503423;8506039;38;2.0
8506039;8506049;38;2.0
8506047;8506046;32;3.0
8506046;8506045;32;3.5
8506045;8506000;32;6.5
8503123;8503124;39;2.0
8503124;8503125;39;4.0
8503128;8503129;39;3.0
8503129;8503128;39;3.0
8503123;8503130;38;4.0
8503312;8503314;39;2.0
8503314;8503315;39;4.0
8503315;8503316;39;2.0
8503316;8503317;39;3.0
8503317;8503318;39;3.0
8503318;8503319;39;3.0
8503319;8503318;38;1.0
8503318;8503317;38;3.0
8503317;8503316;38;3.0
8503316;8503315;38;3.0
8503315;8503314;38;2.0
8503314;8503312;38;4.0
8503000;8503504;38;15.0
8503504;8500309;53;7.94
8500305;8500320;16;6.0
8500301;8500021;2;6.5
8500021;8500010;1;9.0
8500010;8500301;32;12.5
8500301;8500320;16;9.0
8500320;8500305;16;6.0
8500305;8500309;32;15.5
8500309;8503504;54;6.94
8503504;8503000;39;16.0
8500320;8500301;15;8.0
8500301;8500010;29;14.14
8500329;8516176;46;2.15
8516176;8503501;46;2.0
8503501;8503502;46;4.0
8503502;8503503;46;4.0
8503505;8503508;8;7.0
8503508;8503505;5;6.0
8503503;8503502;43;3.0
8503502;8503501;43;5.12
8503501;8516176;43;1.12
8516176;8500329;43;4.0
8500010;8500309;1;46.0
8503106;8503104;4;4.0
8503104;8503101;4;6.0
8503101;8503003;4;6.0
8503003;8503101;2;7.0
8503101;8503104;2;7.0
8503104;8503106;2;4.0
8503006;8503526;3;7.0
8503008;8503006;4;5.0
8503006;8503008;5;4.0
8503526;8503006;4;7.0
8506016;8506017;40;2.0
8506017;8506018;40;2.0
8506018;8506019;40;3.8
8506019;8506100;40;4.0
8506100;8506101;40;3.0
8506101;8506102;40;3.0
8506102;8506103;40;3.5
8506103;8506104;40;3.0
8506104;8506105;40;5.0
8503202;8502209;39;3.0
8502209;8502208;39;3.0
8502208;8502206;39;8.0
8502206;8502204;61;4.03
8506047;8503423;16;12.0
8502204;8502206;60;3.03
8502206;8502208;39;8.0
8502208;8502209;38;2.0
8502209;8503202;38;4.0
8503423;8506047;16;12.0
8503225;8503227;16;4.0
8503227;8503228;36;3.0
8503228;8503230;36;4.56
8503230;8503231;36;1.0
8503231;8503232;36;4.0
8503232;8503233;36;3.0
8503233;8503234;20;2.0
8503234;8503235;20;3.0
8503235;8503236;20;2.0
8503236;8503237;20;3.0
8503237;8503238;20;2.0
8503238;8503240;20;2.0
8503240;8503239;20;3.0
8503239;8503240;21;1.0
8503240;8503238;21;1.0
8503238;8503237;21;3.0
8503237;8503236;21;3.0
8503236;8503235;21;2.0
8503235;8503234;21;2.0
8503234;8503233;21;4.0
8503233;8503232;36;2.0
8503232;8503231;36;3.0
8503231;8503230;36;3.0
8503230;8503228;36;3.0
8503228;8503227;36;4.0
8503227;8503225;16;4.0
8503220;8503209;15;5.0
8503209;8503206;34;7.59
8503206;8503000;15;17.0
8503000;8503206;15;17.0
8503206;8503209;35;7.57
8503209;8503220;16;5.0
8500301;8500305;16;12.0
8503504;8503508;16;7.0
8503221;8503224;1;6.0
8503508;8503504;16;7.0
8500305;8500302;1;11.0
8500305;8500301;14;13.0
8503424;8503462;62;3.11
8503462;8503424;62;3.85
8500309;8500010;1;43.0
8502200;8516350;42;1.88
8516350;8515997;42;2.02
8515997;8502201;42;2.62
8502201;8502202;43;3.77
8502202;8502306;38;2.92
8502306;8515996;38;1.5
8515996;8502203;74;1.74
8502203;8515995;74;1.01
8515995;8502230;74;2.0
8502230;8516187;71;2.0
8516187;8502204;71;2.46
8502204;8516187;70;1.0
8516187;8502230;70;2.0
8502230;8515995;73;2.0
8515995;8502203;73;2.0
8502203;8515996;73;1.0
8515996;8502306;37;1.0
8502306;8502202;37;5.43
8506131;8506105;28;19.64
8503000;8503202;40;9.43
8503202;8502206;20;12.95
8502204;8502202;21;8.19
8502202;8505000;21;14.19
8505000;8502202;22;13.05
8502202;8502204;19;8.89
8502206;8503202;19;13.0
8506105;8506131;28;18.75
8502204;8515993;101;2.19
8515993;8515992;68;1.21
8515992;8502206;68;2.79
8502007;8502011;41;2.0
8502011;8502008;41;2.02
8502009;8502020;61;4.3
8502020;8502012;41;2.02
8505000;8502200;42;8.24
8502202;8515996;36;3.0
8515996;8502202;36;5.08
8502202;8502201;41;3.02
8502201;8515997;40;2.12
8515997;8516350;40;2.4
8516350;8502200;40;2.52
8502200;8505000;40;9.35
8502206;8515992;68;1.0
8515992;8515993;68;1.57
8515993;8502204;101;2.29
8502230;8502204;3;4.0
8502204;8502230;3;2.0
8505007;8505006;61;3.0
8505006;8505005;45;2.49
8505005;8505004;45;6.0
8505004;8502205;21;6.0
8502205;8517112;34;2.0
8517112;8502231;34;5.0
8502231;8515994;34;1.0
8515994;8517527;34;2.0
8517527;8502300;34;1.0
8502300;8502204;34;3.97
8505004;8505005;42;4.02
8505005;8505006;42;4.45
8505006;8505007;59;3.37
8505007;8505111;21;4.05
8505111;8505112;21;5.0
8505112;8505113;38;2.0
8505113;8505114;38;6.03
8505114;8505113;37;5.0
8505113;8505112;37;3.43
8505112;8505111;21;5.0
8505111;8505007;21;6.0
8502204;8502300;34;1.0
8502300;8517527;34;2.0
8517527;8515994;34;1.0
8515994;8502231;34;2.0
8502231;8517112;34;5.0
8517112;8502205;34;3.0
8502205;8505004;20;6.0
8505004;8505003;22;7.91
8505003;8505002;22;4.09
8505002;8505011;22;3.0
8505011;8505001;22;3.86
8505001;8505018;22;1.14
8505018;8517336;38;4.5
8517336;8505000;38;8.0
8505000;8517336;40;6.47
8517336;8505018;40;4.03
8505018;8505001;27;1.96
8505001;8505011;27;3.04
8505011;8505002;27;3.22
8505002;8505003;25;3.08
8505003;8505004;25;8.2
8505004;8505002;14;10.93
8505002;8505018;16;5.88
8507000;8500218;58;26.55
8500218;8502113;96;8.82
8502119;8503508;1;13.0
8500309;8502113;18;13.0
8502113;8500218;93;9.82
8500218;8507000;57;27.58
8502113;8500309;18;14.0
8502034;8502033;38;3.95
8502033;8502032;38;4.0
8502032;8502031;38;3.0
8502031;8502030;38;4.0
8502030;8502043;38;2.0
8502043;8502119;38;7.0
8502028;8502017;41;4.07
8502017;8502022;44;4.0
8502022;8502023;44;3.07
8502023;8502042;44;3.05
8502042;8502024;44;2.89
8502024;8516353;37;2.03
8516353;8502025;37;1.97
8502025;8502026;37;4.97
8502026;8502027;37;3.0
8502027;8502019;37;2.0
8502019;8502029;37;3.0
8502029;8502034;37;5.95
8502034;8502029;36;3.0
8502029;8502019;36;4.0
8502019;8502027;36;3.44
8502027;8502026;36;2.0
8502026;8502025;36;4.44
8502025;8516353;36;2.0
8516353;8502024;36;4.0
8502024;8502042;41;1.0
8502042;8502023;41;3.0
8502023;8502022;41;3.98
8502022;8502017;41;4.98
8502017;8502028;39;4.97
8502119;8502043;38;5.0
8502043;8502030;38;2.0
8502030;8502031;38;3.5
8502031;8502032;38;3.0
8502032;8502033;38;5.0
8502033;8502034;38;4.0
8500010;8500023;55;10.0
8500023;8500026;35;6.51
8500026;8502113;18;19.0
8502119;8503000;38;20.47
8502021;8502017;3;5.0
8502017;8502021;2;5.0
8501008;8501007;50;4.04
8501007;8501006;50;2.96
8501006;8501000;50;2.0
8501000;8501003;50;3.0
8501003;8501002;50;3.04
8501002;8501001;44;2.95
8501001;8501002;43;2.98
8501002;8501003;53;3.98
8501003;8501000;54;2.98
8501000;8501006;53;2.0
8501006;8501007;53;2.02
8501007;8501008;54;5.0
8501001;8501003;1;5.0
8501000;8501007;1;2.0
8501008;8516283;80;3.0
8516283;8501020;80;2.0
8501020;8501011;80;3.0
8501011;8501021;80;2.0
8501021;8501012;80;2.0
8501012;8501022;80;3.0
8501022;8501013;80;2.0
8501013;8501014;80;2.0
8501014;8501015;80;2.0
8501015;8501023;80;2.0
8501023;8501015;78;2.0
8501015;8501014;78;1.0
8501014;8501013;78;2.0
8501013;8501022;78;2.0
8501022;8501012;78;2.0
8501012;8501021;78;2.0
8501021;8501011;78;2.0
8501011;8501020;78;2.0
8501020;8516283;78;3.0
8516283;8501008;78;4.0
8500023;8500218;20;17.8
8503001;8500218;15;29.0
8500218;8508100;38;10.97
8508100;8508008;38;5.45
8508008;8508005;18;10.94
8508005;8507000;38;15.18
8509000;8509002;99;8.45
8509002;8509003;74;3.24
8509003;8509004;74;3.49
8509004;8509411;74;5.49
8509411;8509414;19;9.0
8509414;8509416;39;4.51
8509416;8503225;20;11.9
8503221;8503209;18;7.0
8503206;8503202;20;9.0
8507000;8508005;39;13.31
8508005;8508008;20;10.25
8508008;8508100;39;5.9
8508100;8500218;39;13.97
8500218;8503001;14;30.0
8503202;8503206;20;9.95
8503209;8503221;17;7.0
8503225;8509416;20;10.0
8509416;8509414;40;4.5
8509414;8509411;15;9.87
8509411;8509004;75;4.53
8509004;8509003;75;2.45
8509003;8509002;75;5.0
8508008;8508006;20;6.05
8508006;8508005;20;6.0
8509414;8509413;25;3.2
8509413;8509411;5;6.2
8504128;8504127;39;3.41
8504127;8504126;39;3.87
8504126;8504125;28;3.0
8504125;8504124;28;2.29
8504124;8504123;28;3.0
8504123;8504134;28;4.29
8504134;8504123;28;2.29
8504123;8504124;28;3.0
8504124;8504125;28;3.0
8504125;8504126;28;3.0
8504126;8504127;38;3.0
8504127;8504128;38;4.92
8501120;8518452;100;3.01
8518452;8501118;100;2.8
8501118;8501117;80;2.5
8501117;8501116;40;3.95
8501116;8501115;40;3.0
8501115;8501114;40;5.0
8501114;8501113;40;3.0
8501113;8501112;40;2.98
8501112;8501111;20;2.05
8501111;8504200;18;7.0
8504200;8504201;40;4.95
8501124;8501123;38;2.0
8501123;8501122;38;2.97
8501122;8501121;76;2.53
8501121;8501120;76;4.45
8504201;8504200;40;4.0
8504200;8501111;20;6.0
8501111;8501112;20;2.1
8501112;8501113;40;2.95
8501113;8501114;40;3.0
8501114;8501115;40;4.97
8501115;8501116;40;2.5
8501116;8501117;40;3.02
8501117;8501118;80;3.45
8501118;8518452;101;2.76
8518452;8501120;101;3.58
8501120;8501121;76;3.0
8501121;8501122;76;3.0
8501122;8501123;39;2.0
8501123;8501124;39;2.92
8501111;8501110;2;3.0
8501110;8504200;22;5.86
8501112;8501110;20;3.05
8504200;8501110;20;4.05
8501110;8501112;20;4.0
8501117;8501115;40;5.92
8501115;8501108;40;6.03
8501108;8501107;40;4.03
8501107;8501106;40;5.95
8501106;8501105;21;2.0
8501105;8501104;21;7.0
8501400;8501304;20;4.05
8501304;8501303;20;4.0
8501300;8501203;42;2.1
8501203;8501202;42;2.45
8501202;8501201;41;2.05
8501201;8501200;41;2.63
8501200;8501124;20;7.9
8501124;8501122;38;3.05
8501122;8501124;37;3.0
8501124;8501200;20;8.0
8501200;8501201;42;2.1
8501201;8501202;42;2.48
8501202;8501203;42;2.36
8501203;8501300;42;2.07
8501303;8501304;21;3.71
8501304;8501400;21;4.19
8501104;8501105;22;6.0
8501105;8501106;22;2.82
8501106;8501107;40;5.0
8501107;8501108;40;4.95
8501108;8501115;40;6.92
8501115;8501117;40;5.03
8501303;8501302;20;2.9
8501302;8501301;20;2.0
8501301;8501300;20;2.1
8501200;8501127;20;3.05
8501127;8501126;20;2.0
8501126;8501125;20;3.95
8501125;8501124;20;2.0
8501106;8501104;19;9.0
8501104;8501106;18;8.0
8501124;8501125;20;2.0
8501125;8501126;20;4.0
8501126;8501127;20;1.1
8501127;8501200;20;3.9
8501300;8501301;20;2.0
8501301;8501302;20;2.0
8501302;8501303;20;3.0
8504023;8504020;19;12.0
8504020;8504014;21;4.0
8504014;8504007;21;5.0
8504007;8504012;21;3.0
8504012;8504011;40;4.0
8504011;8504003;21;2.0
8504003;8504010;21;3.0
8504010;8504000;40;2.0
8504000;8501120;40;4.0
8504100;8504030;38;4.0
8504030;8504028;38;4.97
8504028;8504027;38;2.0
8504027;8504026;38;3.0
8504026;8504025;38;3.0
8504025;8504024;38;3.97
8504024;8504023;38;4.0
8501120;8504000;40;3.0
8504000;8504010;40;2.0
8504010;8504003;21;2.0
8504003;8504011;21;3.0
8504011;8504012;40;3.5
8504012;8504007;21;3.0
8504007;8504014;21;5.0
8504014;8504020;21;3.9
8504020;8504023;20;11.0
8504023;8504024;38;4.0
8504024;8504025;38;4.0
8504025;8504026;38;3.0
8504026;8504027;38;2.0
8504027;8504028;38;3.0
8504028;8504030;38;4.0
8504030;8504100;38;6.0
8505000;8502007;34;17.0
8502007;8502001;34;13.0
8502001;8500218;33;7.0
8500218;8502001;38;6.45
8502001;8502007;36;12.5
8502007;8505000;36;18.56
8504023;8504021;21;6.1
8504021;8504020;2;5.0
8500023;8500020;2;5.0
8504021;8504014;19;10.0
8504014;8504012;58;6.34
8504011;8504010;19;4.0
8504010;8504011;19;4.0
8504012;8504014;58;6.98
8504014;8504021;19;8.0
8504021;8504023;20;8.0
8504020;8504021;1;5.0
8504012;8504013;19;3.05
8504013;8501200;19;9.89
8501200;8504013;18;6.0
8504013;8504012;19;3.89
8501200;8504040;1;2.0
8504040;8504013;1;6.0
8501118;8501045;20;3.05
8501045;8501048;20;2.95
8501048;8501037;20;3.0
8501037;8501036;31;3.06
8501036;8501042;30;2.97
8501042;8501035;30;3.03
8501037;8501048;20;3.0
8501048;8501045;21;2.0
8501045;8501118;21;4.9
8501036;8501037;31;3.0
8501035;8501042;30;2.0
8501042;8501036;30;3.0
8501118;8501048;20;4.95
8501048;8501047;20;1.05
8501047;8501037;20;2.95
8504012;8501120;20;11.0
8501120;8504012;20;11.0
8501037;8501047;20;2.0
8501047;8501048;20;2.0
8501048;8501118;19;5.0
8507000;8504100;37;22.0
8504100;8504023;57;17.37
8504023;8504014;19;16.0
8504014;8501120;19;16.95
8504100;8507000;37;23.11
8507000;8502001;18;28.0
8501120;8504014;19;15.95
8504014;8504023;19;15.84
8504023;8504100;57;17.49
8502001;8507000;18;28.0
8505307;8505306;59;3.0
8505306;8505305;59;5.68
8505305;8518475;59;1.29
8518475;8505304;59;3.0
8505304;8505303;59;3.75
8505303;8505302;59;3.97
8505302;8505301;59;4.05
8505301;8505300;91;4.16
8505300;8505219;42;4.0
8505219;8505218;42;3.0
8505218;8505217;42;4.12
8505217;8505216;42;4.02
8505216;8505214;42;10.93
8505214;8505213;102;4.43
8505213;8505212;95;4.82
8505212;8505209;55;11.36
8505209;8505207;18;5.06
8505207;8505204;1;17.0
8505204;8505202;18;10.06
8505202;8505201;18;8.0
8505212;8505213;99;4.85
8505213;8505214;112;3.86
8505214;8505216;49;9.69
8505216;8505217;49;3.88
8505217;8505218;49;4.96
8505218;8505219;49;2.78
8505219;8505300;49;5.0
8505300;8505301;98;2.59
8505301;8505302;68;4.22
8505302;8505303;68;4.57
8505303;8505304;68;3.31
8505304;8518475;68;2.93
8518475;8505305;68;2.85
8505305;8505306;66;4.41
8505306;8505307;66;4.05
8505300;8505214;37;12.03
8505209;8505212;57;9.98
8505214;8505300;37;12.05
8505201;8505202;18;6.89
8505202;8505204;18;11.11
8505204;8505205;18;6.11
8505205;8505207;18;11.94
8505207;8505209;18;5.06
8505874;8505861;9;3.11
8505861;8505862;9;5.22
8505862;8505408;9;4.0
8505408;8505410;9;1.11
8505410;8505407;9;4.89
8505407;8505406;9;5.89
8505406;8505405;9;3.0
8505405;8505404;9;6.78
8505404;8505415;80;2.01
8505415;8505214;43;3.98
8505214;8505415;46;2.07
8505415;8505404;84;3.45
8505404;8505405;9;3.0
8505405;8505407;1;10.0
8505407;8505410;8;2.0
8505410;8505408;8;3.0
8505408;8505862;8;5.0
8505862;8505861;8;6.0
8505861;8505874;8;2.0
8505405;8505406;8;4.0
8505406;8505407;8;4.12
8505407;8505408;1;4.0
8505408;8505861;1;15.0
8505305;8517519;35;3.0
8507000;8504103;1;10.0
8504103;8504100;1;14.0
8504100;8504101;29;5.0
8504101;8504103;1;10.0
8504103;8507000;1;10.0
8517519;8505305;35;4.0
8505300;8505415;38;12.0
8505404;8505412;72;4.43
8505412;8505402;72;1.96
8505402;8505401;72;2.96
8505401;8505417;72;3.42
8505417;8505400;72;3.93
8505305;8505301;32;12.5
8505301;8505305;29;13.45
8505305;8505307;33;8.18
8505400;8505417;72;2.0
8505417;8505401;72;4.49
8505401;8505402;72;1.51
8505402;8505412;72;2.0
8505412;8505404;72;5.49
8505415;8505300;37;13.0
8502208;8503202;1;5.0
8503010;8503000;4;6.5
8502200;8502201;1;4.0
8502202;8502203;3;5.0
8502203;8502204;3;6.33
8502206;8503010;2;20.0
8503000;8503010;2;7.0
8503010;8502206;2;20.0
8505207;8505205;17;12.94
8505205;8505204;17;6.0
8505301;8505303;1;7.0
8505303;8505305;1;8.0
8500294;8500293;29;2.0
8500293;8500292;29;2.0
8500292;8500212;29;4.0
8500212;8500292;29;4.0
8500292;8500293;29;2.0
8500293;8500294;29;2.0
8505000;8502204;17;19.0
8502204;8505000;18;19.0
8507000;8507100;51;19.0
8507100;8507483;66;9.62
8507483;8507493;40;17.38
8507493;8507492;40;4.55
8507492;8507493;40;3.65
8507493;8507483;40;18.02
8507483;8507100;65;9.25
8507100;8507000;50;20.96
8500218;8500023;22;16.0
8503000;8506000;1;22.0
8502113;8502112;39;3.49
8502112;8502111;39;2.03
8502111;8502110;39;3.0
8502110;8500218;39;4.51
8502105;8502247;37;3.0
8502247;8502237;37;2.0
8502237;8500309;37;4.0
8500208;8500207;39;4.0
8500207;8500206;39;1.46
8500206;8518963;39;1.54
8518963;8500205;39;1.92
8500205;8500204;39;3.05
8500204;8500203;39;2.0
8500203;8500202;39;2.97
8500202;8500201;39;2.92
8500201;8500200;39;2.46
8500200;8518771;39;2.95
8518771;8504419;39;2.05
8504419;8504300;39;4.97
8504300;8504419;39;3.0
8504419;8518771;39;2.51
8518771;8500200;39;3.0
8500200;8500201;39;2.49
8500201;8500202;39;3.0
8500202;8500203;39;2.51
8500203;8500204;39;2.0
8500204;8500205;39;3.0
8500205;8518963;39;2.0
8518963;8500206;39;2.0
8500206;8500207;39;1.97
8500207;8500208;39;2.49
8506000;8506206;38;17.03
8506206;8506208;78;7.0
8506208;8506209;78;5.01
8506209;8506210;78;4.49
8506210;8506302;40;7.95
8506302;8506311;49;13.86
8506311;8506314;38;7.08
8506314;8506317;35;7.0
8506317;8506319;35;5.54
8506319;8509404;35;15.0
8506302;8506210;38;7.0
8506210;8506209;77;4.49
8506209;8506208;77;5.49
8506208;8506206;77;7.97
8506206;8506000;38;17.97
8509404;8506319;35;14.54
8506319;8506317;35;5.97
8506317;8506314;35;6.94
8506314;8506311;38;7.55
8506311;8506302;50;14.24
8501202;8501200;1;3.0
8501008;8501022;2;6.0
8501022;8501023;1;5.0
8501033;8501042;1;6.0
8501022;8501030;1;10.0
8504300;8504304;20;12.1
8504304;8504307;14;6.0
8504307;8504310;14;5.0
8504310;8504314;14;15.0
8504314;8504310;15;12.0
8504310;8504307;15;5.0
8504307;8504304;15;7.0
8504304;8504300;18;13.0
8504304;8504305;21;2.71
8504305;8504306;21;3.71
8504306;8504307;21;2.95
8504307;8504308;21;2.0
8504308;8504309;21;3.0
8504309;8504310;21;2.95
8504310;8504311;21;3.0
8504311;8504312;21;4.0
8504312;8504314;21;9.0
8504221;8504234;38;7.5
8504234;8504236;38;5.5
8504236;8504237;38;3.5
8504237;8504314;38;8.0
8504314;8504237;38;7.0
8504237;8504236;38;4.0
8504236;8504234;38;5.0
8504234;8504221;38;9.0
8502119;8503001;3;16.0
8503508;8502119;1;13.0
8502021;8502012;1;3.0
8502007;8502010;22;2.0
8502010;8502006;22;3.95
8502001;8502003;19;3.0
8502005;8502006;42;3.48
8502006;8502007;20;4.0
8502007;8502009;20;6.0
8502020;8502021;20;5.0
8502021;8502020;19;5.0
8502009;8502007;19;6.05
8502003;8502001;19;4.0
8500309;8502115;16;7.0
8502115;8502113;19;6.05
8502113;8502115;19;7.0
8502115;8500309;16;7.0
8500309;8502116;40;4.42
8502116;8502128;40;2.45
8502128;8502115;40;2.58
8502115;8502128;40;2.0
8502128;8502116;40;2.92
8502116;8500309;40;5.03
8503006;8503400;19;11.0
8503400;8503424;19;20.0
8503424;8503400;16;19.0
8503400;8503006;16;10.0
8502113;8503000;18;25.06
8503000;8502113;18;24.0
8500207;8504300;16;16.0
8504300;8500207;15;14.0
8509002;8509411;25;9.0
8503000;8503221;1;27.0
8503221;8509411;1;30.0
8501605;8507483;24;26.54
8504221;8504220;48;2.96
8504220;8504219;48;2.21
8504219;8504209;19;2.0
8504209;8504208;19;1.0
8504208;8504206;19;3.0
8504206;8504205;19;3.84
8504205;8504203;19;5.0
8504203;8504200;19;10.0
8504300;8504229;28;4.0
8504229;8504228;28;4.0
8504228;8504226;28;5.0
8504226;8504225;28;3.0
8504225;8504224;29;2.0
8504224;8504223;29;2.03
8504223;8504222;29;4.0
8504222;8504221;29;4.97
8504200;8504203;19;6.84
8504203;8504205;19;5.0
8504205;8504206;19;4.0
8504206;8504208;19;3.0
8504208;8504209;19;2.0
8504209;8504219;19;2.84
8504219;8504220;48;2.38
8504220;8504221;48;4.31
8504221;8504222;29;4.0
8504222;8504223;29;4.0
8504223;8504224;29;2.0
8504224;8504225;29;3.0
8504225;8504226;28;2.0
8504226;8504228;28;5.0
8504228;8504229;28;3.0
8504229;8504300;28;5.0
8500026;8500218;1;14.0
8507483;8501605;25;25.96
8507483;8507478;1;11.0
8507478;8501605;1;16.0
8505300;8505305;3;19.0
8504221;8504231;33;3.0
8504231;8504232;33;3.0
8504232;8504231;33;1.0
8504231;8504221;33;4.0
8504100;8501120;17;46.0
8501118;8501031;1;15.0
8501120;8504100;17;45.0
8506105;8506109;38;9.95
8504304;8504303;21;4.86
8504303;8504302;21;3.0
8504302;8504301;20;5.0
8504301;8504300;20;5.95
8504300;8504301;20;5.95
8504301;8504302;20;3.05
8504302;8504303;20;2.0
8504303;8504304;20;4.0
8504314;8504312;20;7.0
8504312;8504311;20;4.0
8504311;8504310;20;3.95
8504310;8504309;21;2.95
8504309;8504308;21;3.0
8504308;8504307;21;2.95
8504307;8504306;21;3.0
8504306;8504305;21;3.0
8504305;8504304;21;3.95
8504302;8504300;1;8.0
8502204;8502203;1;4.0
8502203;8502202;1;6.0
8502201;8502200;1;6.0
8504304;8500100;31;6.97
8500100;8500101;31;3.0
8500101;8500135;31;2.52
8500135;8500102;31;2.87
8500102;8500135;30;2.0
8500135;8500101;30;2.1
8500101;8500100;30;3.13
8500100;8504304;30;7.43
8500102;8500103;22;2.86
8500103;8500104;22;3.5
8500104;8500105;22;8.0
8500105;8500104;21;6.14
8500104;8500103;21;3.0
8500103;8500102;21;2.71
8500218;8500217;39;2.0
8500217;8500216;39;2.92
8500216;8500215;39;1.51
8500215;8500214;39;3.49
8500214;8500213;39;2.0
8500213;8500212;39;4.0
8500212;8500211;32;2.31
8500211;8500210;32;4.94
8500210;8500209;32;2.31
8500209;8500208;32;2.66
8500208;8500209;32;2.41
8500209;8500210;32;2.41
8500210;8500211;32;5.0
8500211;8500212;32;2.97
8500212;8500213;39;3.51
8500213;8500214;39;2.49
8500214;8500215;39;2.97
8500215;8500216;39;2.97
8500216;8500217;39;2.0
8500217;8500218;39;4.0
8500329;8503411;39;2.0
8503411;8503410;39;3.0
8503410;8503409;39;3.0
8506109;8506105;37;11.49
8501605;8507478;1;16.0
8507478;8507483;1;13.0
8500309;8502237;37;3.54
8502237;8502247;37;2.0
8502247;8502105;37;4.08
8502000;8508103;33;3.0
8508103;8508102;33;4.48
8508102;8508101;33;2.0
8508101;8508100;33;5.42
8500218;8502110;39;4.0
8502110;8502111;39;2.49
8502111;8502112;39;2.51
8502112;8502113;39;3.51
8508100;8508101;34;3.97
8508101;8508102;34;2.03
8508102;8508103;34;5.03
8508103;8502000;34;3.41
8502213;8502215;17;8.0
8502215;8502213;17;6.0
8502211;8502119;39;4.79
8502119;8502211;38;3.0
8505004;8505113;9;19.0
8505113;8505213;8;34.0
8502119;8502212;7;4.0
8502215;8502216;27;3.0
8502216;8502217;27;2.96
8502217;8502218;27;3.74
8502218;8502219;38;2.47
8502219;8502202;38;4.97
8505213;8505209;1;14.0
8505209;8505113;1;29.0
8505113;8505004;9;21.0
8502202;8502219;38;3.0
8502219;8502218;38;3.0
8502218;8502217;26;3.0
8502217;8502216;26;3.0
8502216;8502215;26;3.0
8502212;8502119;7;5.0
8502215;8502218;11;7.0
8502218;8502215;12;7.0
8505213;8505113;8;33.0
8503408;8503409;19;4.89
8503409;8503410;38;2.0
8503410;8503411;38;3.53
8503411;8500329;38;2.95
8502119;8502104;34;3.0
8502104;8502103;34;5.41
8502103;8502102;34;3.0
8502102;8502101;34;3.0
8502101;8502122;33;2.0
8502122;8502100;33;4.0
8502100;8502121;33;2.0
8502121;8502120;33;3.0
8502120;8502001;33;4.0
8502001;8502120;33;2.0
8502120;8502121;33;3.0
8502121;8502100;33;3.0
8502100;8502122;33;2.0
8502122;8502101;33;3.0
8502101;8502102;33;3.0
8502102;8502103;33;4.45
8502103;8502104;33;4.0
8502104;8502119;33;5.45
8502006;8502010;22;3.95
8502010;8502007;22;3.95
8502115;8502114;37;3.0
8502114;8502115;37;3.03
8505113;8505209;1;26.0
8505209;8505213;1;13.0
8501103;8501120;3;38.0
8501120;8501103;3;35.67
8507100;8507006;17;9.06
8507006;8507000;15;14.0
8500010;8500016;23;5.0
8500016;8500010;23;5.0
8507000;8507006;15;12.07
8507006;8507100;15;9.07
8506355;8506354;16;4.0
8506354;8506353;16;2.0
8506353;8506352;16;2.0
8506352;8506400;16;2.0
8506400;8506278;16;1.0
8506278;8506311;16;6.0
8506311;8506278;16;2.0
8506278;8506400;16;1.0
8506400;8506352;16;1.0
8506352;8506353;16;2.0
8506353;8506354;16;2.0
8506354;8506355;16;6.0
8506311;8506306;40;2.2
8506306;8506311;39;3.0
8507006;8507005;40;2.0
8507005;8507003;40;4.97
8507003;8507002;80;2.96
8507002;8516161;80;2.0
8508207;8508205;1;10.0
8508205;8508203;1;9.0
8508203;8508202;35;4.0
8508202;8508200;1;7.0
8508200;8516161;1;9.0
8516161;8508202;1;14.0
8508202;8508203;33;3.03
8508203;8508205;1;5.0
8508205;8508207;1;7.0
8507000;8504108;183;3.38
8504108;8504106;76;1.75
8504106;8504105;76;2.49
8504105;8504117;39;1.97
8504117;8504104;39;2.0
8504104;8504115;39;2.0
8504115;8504103;76;3.5
8504103;8504113;39;3.0
8504113;8504102;39;3.0
8504102;8504101;39;4.95
8504101;8519133;39;4.0
8519133;8504100;39;4.0
8507100;8507009;38;5.0
8507009;8507008;38;2.0
8507008;8507007;38;3.0
8507007;8507006;38;3.0
8504105;8504115;37;3.0
8504100;8519133;39;2.0
8519133;8504101;39;3.0
8504101;8504102;39;4.05
8504102;8504113;39;2.95
8504113;8504103;39;4.0
8504103;8504115;77;2.49
8504115;8504104;40;2.0
8504104;8504117;40;2.0
8504117;8504105;40;2.05
8504105;8504106;77;2.49
8504106;8504108;77;2.0
8504108;8507000;184;5.01
8516161;8507002;76;2.75
8507002;8507003;76;3.5
8507003;8507005;38;4.0
8507005;8507006;38;3.0
8507006;8507007;38;2.5
8507007;8507008;38;2.5
8507008;8507009;38;2.0
8507009;8507100;38;6.5
8504115;8504105;37;4.0
8508207;8508206;34;3.0
8508206;8508205;34;4.0
8508205;8508204;34;4.0
8508204;8508203;34;3.0
8508202;8508201;40;3.0
8508201;8508200;40;4.45
8508200;8507003;40;4.0
8504103;8504191;37;1.0
8504191;8504192;37;2.51
8504192;8504194;37;6.0
8507003;8508200;38;4.0
8508200;8508201;38;4.0
8508201;8508202;38;3.5
8508203;8508204;32;3.0
8508204;8508205;32;4.5
8508205;8508206;32;3.0
8508206;8508207;32;4.5
8504194;8504192;38;5.0
8504192;8504191;38;2.0
8504191;8504103;38;2.0
8516161;8504410;89;4.39
8504410;8504411;69;2.94
8504411;8504412;47;3.83
8504412;8504413;39;3.08
8504413;8504414;39;4.03
8504414;8504415;64;3.0
8504415;8504441;39;2.0
8504441;8504416;39;2.0
8504416;8504300;39;5.0
8504300;8504416;38;3.0
8504416;8504441;38;3.0
8504441;8504415;38;2.0
8504415;8504414;63;4.0
8504414;8504413;38;3.0
8504413;8504412;38;3.0
8504412;8504411;42;4.9
8504411;8504410;68;2.56
8504410;8516161;88;4.0
8504108;8507079;69;2.03
8507079;8507078;69;2.96
8507078;8507093;69;2.0
8507093;8507077;69;2.0
8507077;8507092;69;3.0
8507092;8507076;69;2.99
8507076;8507092;69;1.0
8507092;8507077;69;3.0
8507077;8507093;69;1.97
8507093;8507078;69;3.01
8507078;8507079;69;1.99
8507079;8504108;69;3.0
8508265;8508080;62;3.0
8508080;8508081;62;2.0
8508081;8508005;62;4.94
8508005;8508004;39;2.51
8508004;8508003;39;3.49
8508003;8508001;20;4.0
8508001;8504410;20;4.0
8507076;8507075;39;3.0
8507075;8507074;39;2.97
8507074;8507073;39;2.97
8507073;8507072;39;3.97
8507072;8507071;39;2.0
8507071;8507070;39;4.03
8507070;8507094;39;2.97
8507094;8507100;39;5.0
8504410;8508001;20;4.0
8508001;8508003;20;4.0
8508003;8508004;39;2.51
8508004;8508005;39;4.49
8508005;8508081;61;2.39
8508081;8508080;61;1.7
8508080;8508265;61;4.34
8508265;8508266;40;2.0
8508266;8508267;39;3.51
8508267;8508268;19;4.0
8508268;8508269;19;1.0
8508269;8508207;19;7.0
8508207;8508269;19;4.0
8508269;8508268;19;2.0
8508268;8508267;19;5.0
8508267;8508266;39;2.49
8508266;8508265;40;3.95
8507000;8507076;36;12.0
8507100;8507094;39;3.97
8507094;8507070;39;2.03
8507070;8507071;39;3.97
8507071;8507072;39;2.0
8507072;8507073;39;4.0
8507073;8507074;39;3.95
8507074;8507075;39;2.51
8507075;8507076;39;4.0
8507076;8507000;37;13.0
8507000;8504495;55;3.84
8504495;8504489;55;2.35
8504489;8516154;70;2.26
8516154;8504488;21;3.0
8504488;8504487;21;3.0
8504487;8504486;39;4.9
8504486;8504400;39;6.0
8504400;8504484;26;3.0
8504484;8504483;26;4.15
8504483;8504482;21;2.05
8504482;8504490;21;2.0
8504490;8504481;21;3.81
8504481;8504480;41;2.98
8504480;8504221;41;6.46
8504400;8504486;40;4.97
8504486;8504487;39;4.54
8504487;8504488;21;2.95
8504488;8516154;21;3.05
8516154;8504489;70;1.29
8504489;8504495;55;1.22
8504495;8507000;55;5.02
8507000;8504489;15;4.0
8516154;8504487;18;5.0
8504487;8516154;18;5.0
8504489;8507000;15;6.0
8507089;8507088;38;3.0
8507088;8507095;38;4.0
8507095;8507087;38;4.0
8507087;8507086;38;3.0
8507086;8507085;38;3.0
8507085;8507084;38;2.0
8507084;8507083;38;4.0
8507083;8507091;38;2.0
8507091;8504108;38;3.0
8504108;8507091;38;3.03
8507091;8507083;38;2.0
8507083;8507084;38;2.03
8507084;8507085;38;2.0
8507085;8507086;38;3.03
8507086;8507087;38;4.95
8507087;8507095;38;2.03
8507095;8507088;38;4.0
8507088;8507089;38;6.0
8504221;8504480;39;3.95
8504480;8504481;39;3.49
8504481;8504490;20;1.0
8504490;8504482;20;2.95
8504482;8504483;21;3.95
8504483;8504484;28;2.32
8504484;8504400;28;6.11
8504400;8504129;31;4.0
8504129;8504140;15;2.0
8504140;8504128;31;2.52
8504128;8504140;30;2.0
8504140;8504129;15;2.0
8504129;8504400;30;5.5
8508272;8508271;37;2.0
8508271;8508267;37;4.0
8508267;8508271;37;3.0
8508271;8508272;37;3.0
8504300;8504414;42;8.0
8504414;8504412;4;5.0
8504412;8504414;8;6.0
8504414;8504300;42;9.0
8504414;8504411;4;8.0
8508003;8516161;19;8.0
8516161;8508003;19;8.0
8508005;8508083;40;1.0
8508083;8508084;40;3.08
8508084;8508085;40;2.52
8508085;8508086;40;3.48
8508086;8508087;40;3.42
8508087;8508088;40;2.02
8508088;8508089;40;1.6
8508089;8500207;40;6.97
8500207;8508089;39;4.08
8508089;8508088;39;2.05
8508088;8508087;39;2.97
8508087;8508086;39;3.0
8508086;8508085;40;3.52
8508085;8508084;40;2.98
8508084;8508083;40;2.02
8508083;8508005;40;4.92
8504129;8504128;16;4.0
8504128;8504126;6;6.0
8504128;8504129;15;5.0
8504126;8504128;7;7.0
8508215;8508216;20;2.05
8508216;8508217;20;4.0
8508217;8508218;20;3.95
8508218;8508219;27;4.3
8508219;8505000;27;7.81
8505000;8508219;28;6.0
8508219;8508218;28;5.96
8508218;8508217;21;3.0
8508217;8508216;21;3.95
8508216;8508215;21;4.0
8508187;8508292;20;4.2
8508292;8508293;20;2.8
8508293;8508294;34;4.0
8508294;8508295;34;5.0
8508295;8508297;42;5.0
8508297;8516354;35;3.0
8516354;8508215;35;3.0
8508187;8508186;34;3.0
8508186;8508185;34;3.0
8508185;8508184;34;1.0
8508184;8508183;34;2.53
8508183;8508174;34;1.44
8508174;8508182;34;3.5
8508182;8508181;34;2.03
8508181;8508100;34;3.56
8508100;8508181;34;2.0
8508181;8508182;34;2.44
8508182;8508174;34;1.0
8508174;8508183;34;3.5
8508183;8508184;34;1.0
8508184;8508185;34;1.44
8508185;8508186;34;3.0
8508186;8508187;34;5.56
8508187;8508293;14;7.0
8508215;8516354;35;1.0
8516354;8508297;35;4.0
8508297;8508295;43;6.0
8508295;8508294;34;4.0
8508294;8508293;34;4.0
8508293;8508187;15;8.0
8508297;8508215;7;6.0
8508215;8508218;25;7.0
8508215;8508297;8;5.0
8508218;8508215;25;7.0
8508215;8508213;37;7.0
8508213;8508212;19;3.0
8508212;8508211;19;4.95
8508211;8508210;37;7.0
8508210;8508208;37;7.51
8508208;8508207;37;6.51
8508207;8508208;37;5.97
8508208;8508210;37;7.51
8508210;8508211;37;7.0
8508211;8508212;20;3.95
8508212;8508213;20;2.1
8508213;8508215;37;8.46
8508293;8508292;19;2.0
8508292;8508187;19;7.0
8508005;8508006;19;5.0
8508006;8508008;19;6.0
8508202;8507000;18;20.0
8507000;8508202;18;16.0
8504221;8504483;19;10.0
8504483;8504400;19;7.0
8504400;8507000;19;17.0
8507000;8504400;17;17.0
8504400;8504483;19;5.16
8504483;8504221;19;10.16
8504221;8504481;19;6.0
8504481;8504483;37;4.54
8504486;8507000;1;13.0
8516154;8504400;2;12.0
8504414;8507000;34;17.0
8507000;8504414;34;16.0
8507290;8507292;23;8.0
8507292;8507293;1;6.0
8507293;8507296;1;11.0
8507296;8507297;28;3.29
8507297;8507298;9;6.0
8507298;8507483;9;6.0
8507292;8507296;8;17.0
8507483;8507298;9;6.0
8507298;8507297;9;6.0
8507297;8507296;28;3.54
8507296;8507292;9;17.0
8507292;8507290;24;9.62
8501952;8501609;12;15.17
8501609;8501952;10;14.0
8501952;8501951;9;6.22
8501951;8501950;10;7.3
8507474;8507473;19;4.95
8507473;8507472;19;7.0
8507472;8507471;19;3.0
8507471;8501609;9;11.0
8501950;8501951;10;8.0
8501951;8501952;10;6.9
8501609;8507471;8;7.12
8507471;8507472;17;4.94
8507472;8507473;17;6.0
8507473;8507474;17;6.94
8507474;8507475;17;11.0
8507475;8507478;17;15.06
8507478;8507480;24;4.0
8507480;8507481;24;2.0
8507481;8507483;24;7.71
8507483;8507481;25;5.0
8507481;8507480;25;2.0
8507480;8507478;25;5.28
8507478;8507475;18;15.0
8507475;8507474;18;11.0
8501609;8501951;1;20.0
8507471;8507470;10;3.0
8507470;8501609;10;11.8
8501609;8507470;9;4.0
8507470;8507471;9;3.0
8508207;8508202;17;12.0
8508202;8508207;17;13.0
8508211;8508213;17;6.0
8508213;8508211;18;6.0
8505000;8508218;18;9.0
8508218;8505000;18;11.0
8507100;8508251;33;3.0
8508251;8508252;53;1.74
8508252;8508253;53;2.0
8508253;8508255;19;5.0
8508255;8508202;19;6.0
8508202;8508260;39;4.49
8508260;8508261;39;3.49
8508261;8508262;39;3.97
8508262;8508263;21;2.0
8508263;8508264;21;3.0
8508264;8508265;21;5.0
8508265;8508264;22;2.0
8508264;8508263;22;3.05
8508263;8508262;22;3.91
8508262;8508261;39;3.95
8508261;8508260;39;3.0
8508260;8508202;39;5.1
8508202;8508256;35;1.0
8508256;8508255;35;4.0
8508255;8508254;35;2.57
8508254;8508253;35;4.03
8508253;8508252;53;2.0
8508252;8508251;53;2.26
8508251;8508250;21;1.0
8508250;8507100;21;4.0
8508202;8508255;18;5.0
8508255;8508253;18;6.0
8508251;8507100;32;3.56
8504414;8518749;20;2.0
8518749;8504404;20;3.9
8504404;8504403;20;2.0
8504403;8504402;20;3.0
8504402;8504401;20;3.95
8504401;8504400;8;4.88
8504400;8504401;6;4.0
8504401;8504402;18;3.0
8504402;8504403;18;2.0
8504403;8504404;18;2.0
8504404;8518749;18;3.0
8518749;8504414;18;4.0
8504401;8516444;12;2.0
8516444;8504400;12;3.0
8504400;8516444;12;2.0
8516444;8504401;12;2.0
8500221;8500220;25;2.0
8500220;8504415;25;4.0
8504415;8500220;25;3.0
8500220;8500221;25;4.0
8507100;8508250;20;1.0
8508250;8508251;20;2.0
8508253;8508254;34;3.0
8508254;8508255;34;3.0
8508255;8508256;34;3.0
8508256;8508202;34;4.0
8508262;8508265;18;9.0
8508265;8508262;17;8.0
8507292;8507284;19;3.0
8507284;8507293;19;3.0
8507293;8507294;19;3.68
8507294;8507295;19;2.58
8507295;8507286;19;2.79
8507286;8507296;19;4.68
8507297;8507287;19;2.11
8507287;8507298;19;4.63
8507298;8507288;19;1.0
8507288;8507299;19;1.84
8507299;8507483;19;4.21
8507483;8507299;19;2.84
8507299;8507288;19;1.0
8507288;8507298;19;2.79
8507298;8507287;19;3.0
8507287;8507297;19;2.21
8507296;8507286;19;2.16
8507286;8507295;19;3.16
8507295;8507294;19;2.0
8507294;8507293;19;4.0
8507293;8507284;19;2.95
8507284;8507292;19;3.84
8507290;8507281;5;3.0
8507281;8507291;5;3.0
8507291;8507292;5;4.0
8507292;8507291;4;2.75
8507291;8507281;4;4.0
8507281;8507290;4;5.0
8504181;8504182;39;3.0
8504182;8504183;39;3.03
8504183;8504184;39;4.97
8504184;8504185;39;5.0
8504185;8504186;39;4.97
8504186;8504128;39;3.95
8504140;8504188;15;5.0
8504188;8504483;37;4.46
8504483;8504481;37;4.0
8504481;8504221;17;9.0
8504483;8504188;37;4.0
8504188;8504140;16;4.0
8504128;8504186;39;3.0
8504186;8504185;39;5.0
8504185;8504184;39;6.0
8504184;8504183;40;4.53
8504183;8504182;40;4.0
8504182;8504181;39;4.0
8504182;8504100;1;7.0
8504128;8504188;16;5.0
8504481;8504482;1;3.0
8504188;8504128;16;6.0
8504086;8504066;37;3.0
8504066;8504065;37;3.46
8504065;8504064;37;7.0
8504064;8504063;37;2.0
8504063;8504062;37;7.0
8504062;8504061;37;2.0
8504061;8504060;37;2.03
8504060;8504014;37;4.0
8504086;8504079;39;2.0
8504079;8504078;39;1.97
8504078;8504077;39;2.49
8504077;8504075;21;3.0
8504075;8504074;21;4.0
8504074;8504073;21;2.71
8504073;8504072;21;2.05
8504072;8504071;21;2.0
8504071;8504070;21;5.0
8504070;8504071;21;4.95
8504071;8504072;21;2.0
8504072;8504073;21;2.0
8504073;8504074;21;2.95
8504074;8504075;21;3.9
8504075;8504077;21;3.9
8504077;8504078;39;2.38
8504078;8504079;39;1.38
8504079;8504086;39;2.87
8504014;8504060;37;3.0
8504060;8504061;37;3.0
8504061;8504062;37;2.0
8504062;8504063;37;6.51
8504063;8504064;37;2.0
8504064;8504065;37;6.0
8504065;8504066;37;3.0
8504066;8504086;37;2.0
8504023;8504086;38;18.97
8504086;8504067;36;2.0
8504067;8504088;36;4.0
8504088;8504089;36;4.0
8504086;8504023;38;17.0
8504101;8507000;14;19.0
8504089;8504088;36;2.0
8504088;8504067;36;4.0
8504067;8504086;36;3.86
8507000;8504101;14;17.0
8504101;8504100;28;5.5
8506131;8506132;33;2.97
8506132;8506118;33;2.0
8506118;8506133;33;1.52
8506133;8506134;33;2.97
8506134;8506135;33;3.0
8506135;8506136;33;4.0
8506136;8506137;33;5.0
8506137;8506138;33;3.0
8506138;8506139;33;3.06
8506314;8506316;40;2.0
8506316;8506317;40;3.98
8506317;8506318;40;3.0
8506318;8506319;40;4.97
8506319;8509400;20;4.95
8509400;8509401;20;4.0
8509401;8509402;20;4.05
8509402;8509404;20;6.9
8509404;8509406;21;3.05
8509406;8509411;21;10.62
8503424;8503425;39;2.0
8503425;8503426;39;2.0
8503426;8503427;39;2.0
8503427;8506148;39;4.0
8506148;8503428;39;3.03
8503428;8503429;39;2.97
8503429;8506025;39;3.0
8506025;8506139;75;4.51
8506139;8506025;75;3.0
8506025;8503429;40;3.0
8503429;8503428;40;4.0
8503428;8506148;40;2.0
8506148;8503427;40;4.0
8503427;8503426;40;2.0
8503426;8503425;40;3.0
8503425;8503424;40;4.9
8506121;8506122;41;3.0
8506122;8506123;41;2.0
8506123;8506124;41;2.0
8506124;8506125;41;3.98
8506125;8588122;41;1.98
8588122;8506143;41;1.02
8506143;8506126;41;1.98
8506126;8506127;41;1.0
8506127;8506119;41;2.0
8506119;8506128;41;3.95
8506128;8506131;41;2.85
8506302;8506301;74;3.0
8506301;8506300;74;2.0
8506300;8506210;74;4.0
8506302;8506303;107;2.82
8506303;8506393;50;4.88
8506393;8506394;39;2.0
8506394;8506395;39;4.0
8506395;8506396;39;3.0
8506396;8506397;39;2.0
8506397;8506398;39;2.0
8506398;8506121;39;6.0
8506131;8506128;41;1.02
8506128;8506119;40;2.0
8506119;8506127;40;2.0
8506127;8506126;40;2.0
8506126;8506143;40;1.0
8506143;8588122;40;2.0
8588122;8506125;40;3.0
8506125;8506124;40;2.0
8506124;8506123;40;3.0
8506123;8506122;40;2.0
8506122;8506121;40;6.0
8506121;8506398;39;2.0
8506398;8506397;39;3.0
8506397;8506396;39;1.0
8506396;8506395;39;2.0
8506395;8506394;39;3.0
8506394;8506393;39;5.0
8506393;8506303;50;3.16
8506303;8506302;108;4.58
8506210;8506300;73;3.0
8506300;8506301;73;2.0
8506301;8506302;73;5.96
8506139;8506138;31;2.0
8506138;8506137;31;3.0
8506137;8506136;31;5.0
8506136;8506135;31;5.0
8506135;8506134;31;3.0
8506134;8506133;31;3.0
8506133;8506118;31;2.0
8506118;8506132;31;2.0
8506132;8506131;31;5.52
8506319;8506318;40;3.48
8506318;8506317;40;3.5
8506317;8506316;40;2.98
8506316;8506314;40;4.4
8506314;8506313;58;3.31
8506313;8506312;58;3.31
8506312;8506311;58;3.69
8506303;8506304;39;4.97
8506304;8506305;39;5.0
8506305;8506322;57;2.0
8506322;8506311;57;2.33
8506311;8506312;56;2.0
8506312;8506313;56;4.0
8506313;8506314;56;4.59
8506200;8506297;17;4.0
8506297;8506298;17;5.0
8506298;8506299;17;5.0
8506311;8506322;58;1.02
8506322;8506305;58;3.0
8506305;8506304;40;4.0
8506304;8506303;40;5.0
8506302;8506392;54;3.31
8506392;8506290;54;5.31
8506290;8506291;35;3.0
8506291;8506292;35;5.54
8506292;8506293;35;4.0
8506293;8506294;35;3.0
8506294;8506201;35;4.46
8506201;8506200;74;4.0
8506299;8506298;18;4.0
8506298;8506297;18;5.0
8506297;8506200;18;4.0
8506200;8506201;78;2.23
8506201;8506294;38;3.53
8506294;8506293;38;3.47
8506293;8506292;38;6.0
8506292;8506291;38;3.0
8506291;8506290;38;5.0
8506290;8506392;60;5.0
8506392;8506302;60;4.1
8506210;8506211;35;4.0
8506211;8506212;35;5.0
8506212;8506213;35;4.0
8506213;8506214;39;2.0
8506214;8506215;39;2.0
8506215;8506216;39;6.0
8506216;8506217;39;4.0
8506217;8506106;74;2.46
8506106;8506105;74;5.97
8506105;8506106;74;3.0
8506106;8506217;74;3.53
8506217;8506216;39;2.0
8506216;8506215;39;5.0
8506215;8506214;39;2.0
8506214;8506213;39;2.0
8506213;8506212;35;6.0
8506212;8506211;35;3.0
8506211;8506210;35;6.0
8506303;8506305;18;10.0
8506305;8506303;18;9.0
8506306;8506307;32;3.0
8506307;8516271;32;2.0
8516271;8506308;32;2.0
8506308;8516270;32;2.0
8516270;8506309;32;3.0
8506309;8506121;32;3.97
8506121;8506309;31;3.0
8506309;8516270;31;3.0
8516270;8506308;31;2.0
8506308;8516271;31;1.0
8516271;8506307;31;3.0
8506307;8506306;31;3.0
8506206;8506205;39;5.0
8506205;8506204;39;4.0
8506204;8506203;39;3.0
8506203;8506202;39;2.0
8506202;8506201;39;3.0
8506201;8506202;40;4.0
8506202;8506203;40;3.0
8506203;8506204;40;3.0
8506204;8506205;40;4.0
8506205;8506206;40;7.0
8506206;8506181;36;3.0
8506181;8506188;36;1.0
8506188;8506182;36;2.0
8506182;8506168;36;2.0
8506168;8506183;36;3.0
8506183;8506184;36;3.97
8506184;8506185;36;3.0
8506185;8506190;36;3.0
8506190;8506105;36;6.39
8506217;8506107;35;2.97
8506107;8506108;35;3.0
8506108;8506109;35;3.0
8506109;8506108;35;2.0
8506108;8506107;35;3.0
8506107;8506217;35;4.0
8506105;8506190;35;3.0
8506190;8506185;35;2.0
8506185;8506184;35;3.0
8506184;8506183;35;5.0
8506183;8506168;35;1.0
8506168;8506182;35;2.0
8506182;8506188;35;3.0
8506188;8506181;35;1.0
8506181;8506206;35;5.0
8506121;8506393;1;12.0
8506393;8506121;1;14.0
8506000;8506044;39;2.0
8506044;8506043;39;3.0
8506043;8506042;39;3.0
8506042;8506041;34;4.0
8506041;8503400;34;4.0
8503400;8506041;35;3.0
8506041;8506042;35;4.0
8506042;8506043;40;2.0
8506043;8506044;40;4.0
8506044;8506000;40;4.0
8503134;8503135;30;4.0
8503135;8503136;30;4.0
8503136;8503137;30;2.0
8503137;8503138;30;6.0
8503138;8503139;30;5.0
8503139;8503121;30;3.0
8506008;8506009;39;5.0
8506009;8503134;39;4.0
8503134;8506009;40;4.0
8506009;8506008;40;3.0
8503121;8503139;30;2.0
8503139;8503138;30;6.0
8503138;8503137;30;5.0
8503137;8503136;30;1.0
8503136;8503135;30;5.0
8503135;8503134;30;7.0
8506020;8506021;36;3.0
8506021;8506022;36;3.0
8506022;8506023;36;6.0
8506023;8506024;36;7.0
8506024;8506025;36;5.0
8506025;8506024;35;6.0
8506024;8506023;35;6.0
8506023;8506022;35;8.0
8506022;8506021;35;2.0
8506021;8506020;35;3.0
8506131;8506198;36;2.03
8506198;8506197;36;2.97
8506197;8506196;36;3.03
8506196;8506195;36;3.0
8506195;8506194;36;3.47
8506194;8506193;36;3.0
8506193;8506105;36;8.0
8506105;8506193;36;5.0
8506193;8506194;36;3.0
8506194;8506195;36;3.0
8506195;8506196;36;3.58
8506196;8506197;36;2.47
8506197;8506198;36;2.94
8506198;8506131;36;4.0
8503400;8503402;17;6.0
8503402;8503405;17;3.0
8503405;8503413;17;5.0
8503413;8503415;17;3.0
8503415;8503414;17;3.0
8503414;8503408;17;2.0
8503409;8503408;19;3.05
8503408;8503414;19;3.0
8503414;8503415;19;2.0
8503415;8503413;19;4.0
8503413;8503405;19;5.0
8503405;8503402;19;4.0
8503402;8503400;19;7.0
8506302;8506290;40;8.38
8506290;8506302;34;8.47
8506302;8506121;16;18.0
8506121;8506128;16;14.0
8506128;8506121;16;13.0
8506121;8506302;16;18.0
8501191;8530262;15;1.0
8530262;8501194;15;3.0
8501194;8501112;15;5.0
8501112;8501194;15;4.0
8501194;8530262;15;2.0
8530262;8501191;15;2.0
8504219;8504218;29;3.66
8504218;8504217;29;5.0
8504217;8504216;29;4.34
8504216;8504215;29;4.0
8504215;8504216;29;3.0
8504216;8504217;29;4.66
8504217;8504218;29;4.97
8504218;8504219;29;3.62
8501579;8501580;18;4.11
8501580;8501576;18;3.17
8501576;8501575;18;4.22
8501575;8501573;17;4.88
8501573;8501572;17;2.0
8501572;8501500;17;4.06
8501500;8501572;18;2.22
8501572;8501573;18;1.89
8501573;8501575;18;4.28
8501575;8501576;18;6.0
8501576;8501580;19;1.79
8501580;8501579;19;6.95
8501575;8501500;1;10.0
8501500;8501576;8;15.0
8501576;8501579;8;8.0
8501579;8501576;8;8.0
8501576;8501500;8;15.0
8501578;8501577;18;3.11
8501577;8501576;18;5.0
8501576;8501577;17;4.06
8501577;8501578;17;4.0
8501576;8501578;9;8.0
8501578;8501576;8;8.0
8501605;8501604;36;4.47
8501604;8501603;36;3.08
8501603;8501602;36;3.03
8501602;8501601;36;3.94
8501601;8501600;36;3.11
8501600;8501509;36;4.0
8501509;8501507;36;6.47
8501507;8501506;36;4.56
8501506;8501507;38;3.95
8501507;8501509;38;6.53
8501509;8501600;37;3.05
8501600;8501601;37;4.24
8501601;8501602;37;3.05
8501602;8501603;37;3.03
8501603;8501604;37;3.03
8501604;8501605;37;5.7
8501403;8501420;38;3.03
8501420;8501421;38;3.95
8501421;8501422;19;2.05
8501422;8501423;19;4.0
8501423;8501424;19;3.05
8501424;8501425;19;3.0
8501425;8501426;19;4.74
8501426;8501428;19;4.95
8501421;8501420;39;2.49
8501420;8501403;39;4.9
8501403;8501404;36;5.31
8501404;8501405;36;3.08
8501405;8501500;36;4.47
8501500;8501501;37;3.43
8501501;8501502;37;3.68
8501502;8501503;37;3.19
8501503;8501504;34;2.47
8501504;8501505;34;2.94
8501505;8501510;34;2.59
8501510;8501506;38;4.18
8501506;8501510;36;3.47
8501510;8501505;32;2.97
8501505;8501504;32;2.97
8501504;8501503;32;2.97
8501503;8501502;36;3.11
8501502;8501501;36;3.97
8501501;8501500;36;4.08
8501500;8501405;36;3.97
8501405;8501404;36;3.44
8501404;8501403;36;5.86
8501428;8501426;19;4.0
8501426;8501425;19;3.0
8501425;8501424;19;3.0
8501424;8501423;19;3.0
8501423;8501422;19;4.0
8501422;8501421;19;3.0
8501503;8501510;4;5.75
8501510;8501503;4;5.75
8501500;8501503;1;6.0
8503097;8503089;59;1.0
8503089;8503099;59;2.0
8503099;8503096;67;2.0
8503096;8503095;77;1.0
8503095;8503094;77;3.0
8503094;8503093;77;1.0
8503093;8503086;77;3.0
8503086;8503087;77;2.0
8503087;8503091;77;2.0
8503091;8503090;77;2.0
8503090;8503000;156;2.0
8503000;8503090;156;1.0
8503090;8503091;76;2.0
8503091;8503087;76;2.0
8503087;8503086;76;1.0
8503086;8503093;76;3.0
8503093;8503094;76;1.0
8503094;8503095;76;3.0
8503095;8503096;76;2.0
8503096;8503099;69;1.0
8503099;8503089;58;2.0
8503089;8503097;58;3.0
8503097;8503099;8;3.0
8503096;8503097;7;5.0
8503097;8503098;14;3.0
8503098;8503097;14;5.0
8503099;8503097;11;4.0
8503097;8503096;10;5.0
8503051;8503052;81;2.0
8503052;8503053;81;1.0
8503053;8503054;81;2.0
8503054;8503055;40;4.0
8503055;8503056;39;2.0
8503056;8503055;37;3.0
8503055;8503054;38;4.0
8503054;8503053;79;1.0
8503053;8503052;79;1.0
8503052;8503051;79;3.0
8503051;8503090;79;3.0
8503090;8503051;80;3.0
8503056;8503057;34;5.0
8503057;8503056;34;5.0
8506200;8503117;21;6.05
8503117;8503116;21;5.0
8503116;8503110;38;10.0
8503110;8503116;37;10.0
8503116;8503117;19;3.0
8503117;8506200;19;8.0
8509411;8509406;20;8.95
8509406;8509404;20;4.0
8509404;8509402;20;5.0
8509402;8509401;20;4.0
8509401;8509400;20;5.0
8509400;8506319;20;4.95
8503116;8503115;40;2.0
8503115;8503113;40;6.0
8503113;8503110;40;4.0
8503225;8503119;38;3.0
8503119;8503118;38;4.0
8503118;8503116;38;5.5
8503225;8503226;20;2.0
8503226;8503227;20;3.0
8503227;8503226;20;3.0
8503226;8503225;20;3.0
8503110;8503113;39;2.0
8503113;8503115;39;6.0
8503115;8503116;39;3.0
8503116;8503118;39;2.0
8503118;8503119;39;5.0
8503119;8503225;39;4.0
8509411;8509412;19;2.0
8509412;8509413;19;5.0
8509413;8509414;20;3.05
8509416;8509417;19;2.0
8509417;8509418;19;5.0
8509418;8503225;19;6.0
8503225;8509418;20;6.0
8509418;8509417;20;3.0
8509417;8509416;20;4.0
8509413;8509412;20;5.0
8509412;8509411;20;4.0
8503284;8503292;20;4.0
8503292;8503282;20;3.0
8503282;8503290;20;2.0
8503290;8505350;20;4.1
8505350;8503280;20;7.4
8503280;8505004;20;5.7
8505004;8503280;18;3.94
8503280;8505350;18;6.0
8505350;8503290;18;3.06
8503290;8503282;18;3.0
8503282;8503292;18;3.0
8503292;8503284;18;6.06
8503284;8503282;15;6.93
8503282;8505004;15;16.0
8505004;8503282;17;13.12
8503282;8503284;17;8.0
8503209;8503289;35;2.0
8503289;8503295;35;2.0
8503295;8503288;35;2.0
8503288;8503294;35;1.06
8503294;8503286;35;4.97
8503286;8503285;73;3.51
8503285;8503284;73;4.92
8503284;8503285;72;4.26
8503285;8503286;72;4.22
8503286;8503294;34;3.0
8503294;8503288;34;2.97
8503288;8503295;34;1.0
8503295;8503289;34;3.47
8503289;8503209;34;3.0
8503110;8503299;35;2.0
8503299;8503209;35;3.0
8503209;8503288;1;5.0
8503288;8503286;1;5.0
8503284;8503283;72;7.0
8503283;8503284;72;7.01
8503209;8503299;34;2.97
8503299;8503110;34;3.97
8503286;8503293;41;1.0
8503293;8503287;41;3.0
8503287;8503206;41;5.0
8503206;8503287;40;3.0
8503287;8503293;40;2.02
8503293;8503286;40;2.08
8506290;8506292;4;6.0
8506292;8506200;4;13.0
8506200;8503116;19;10.0
8503209;8503284;15;16.0
8506290;8506200;16;18.0
8503284;8503209;16;16.0
8503116;8506200;18;10.0
8506200;8506290;17;19.0
8505018;8505002;13;7.0
8505002;8505004;13;11.0
8503209;8503286;2;9.0
8503286;8503284;2;8.0
8503284;8503286;2;7.0
8503286;8503209;2;9.0
8506200;8506292;1;13.0
8506292;8506290;1;7.0
8505114;8505119;16;25.0
8505119;8505201;16;10.0
8505214;8505404;14;4.0
8505404;8505401;14;7.0
8505401;8505400;14;6.0
8505004;8505006;17;7.0
8505007;8505112;17;8.0
8505201;8505119;16;12.0
8505119;8505114;16;25.0
8505112;8505007;16;10.0
8505006;8505004;16;8.0
8505400;8505401;14;5.0
8505401;8505404;14;8.0
8505404;8505214;14;4.0
8503225;8503209;2;15.0
8503209;8503225;2;14.5
8509411;8509413;1;7.0
8508394;8508392;21;3.0
8508392;8508391;41;5.0
8508391;8508390;47;3.0
8508390;8508318;47;3.02
8508318;8508320;79;2.0
8508320;8508319;79;3.0
8508319;8516351;89;2.0
8516351;8508321;89;2.0
8508321;8505000;89;3.89
8505000;8508321;89;2.0
8508321;8516351;89;2.0
8516351;8508319;90;2.11
8508319;8508320;79;3.0
8508320;8508318;79;2.52
8508318;8508390;48;3.17
8508390;8508391;48;3.96
8508391;8508392;40;4.47
8508392;8508394;21;4.95
8508312;8508327;39;4.0
8508327;8508313;39;3.0
8508313;8508314;60;3.65
8508314;8508323;43;1.0
8508323;8508316;43;4.0
8508316;8508317;39;4.0
8508317;8508318;39;4.0
8508318;8508317;39;4.0
8508317;8508316;39;2.0
8508316;8508323;43;5.09
8508323;8508314;43;2.09
8508314;8508313;60;3.0
8508313;8508327;39;2.0
8508327;8508312;39;6.0
8508394;8508384;19;2.0
8508384;8508392;19;3.89
8508318;8505000;11;10.09
8505000;8508318;11;8.0
8508318;8508316;4;5.0
8508316;8508318;4;9.0
8508308;8508309;17;9.0
8508309;8508310;17;12.0
8508310;8508311;17;5.0
8508311;8508312;17;8.0
8508312;8508313;17;7.0
8508314;8505000;17;20.0
8505000;8508314;17;18.0
8508313;8508312;17;7.0
8508312;8508311;17;6.0
8508311;8508310;17;6.0
8508310;8508309;17;12.0
8508309;8508308;17;13.0
8508308;8508306;20;5.3
8508306;8508305;20;5.85
8508305;8508329;20;2.0
8508329;8508304;20;3.8
8508304;8508303;20;4.2
8508303;8507492;1;10.0
8508308;8508305;12;11.0
8508305;8507492;11;17.0
8507492;8508303;2;9.0
8508303;8508305;2;7.0
8508305;8508308;13;10.0
8507492;8508305;11;17.0
8508305;8508303;1;8.0
8508303;8508302;20;3.95
8508302;8507492;1;7.0
8507492;8508301;19;3.0
8508301;8508302;19;3.0
8508302;8508303;19;4.95
8508303;8508304;19;3.0
8508304;8508329;19;3.89
8508329;8508305;19;2.37
8508305;8508306;19;4.63
8508306;8508308;19;7.32
8505000;8516351;1;3.0
8508319;8508318;1;5.0
8508392;8508384;18;1.0
8508384;8508394;18;3.94
8508394;8508396;18;4.06
8508396;8508399;18;15.0
8505000;8508391;17;14.0
8508399;8508396;18;15.0
8508396;8508394;18;5.0
8508391;8505000;18;15.0
8508302;8508301;19;3.84
8508301;8507492;19;4.16
8508359;8508395;27;1.0
8508395;8530800;27;1.0
8530800;8530760;27;4.0
8530760;8530799;27;1.0
8530799;8508308;27;4.04
8508308;8530799;27;1.0
8530799;8530760;27;1.0
8530760;8530800;27;4.0
8530800;8508395;27;1.0
8508395;8508359;27;4.0
8503467;8503466;37;2.0
8503466;8503465;37;2.0
8503465;8503464;37;4.0
8503464;8518243;37;2.0
8518243;8503463;37;3.0
8503463;8503424;37;4.0
8503424;8503463;37;3.0
8503463;8518243;37;2.97
8518243;8503464;37;1.49
8503464;8503465;37;3.49
8503465;8503466;37;2.0
8503466;8503467;37;2.0
